ambient_dim,intrinsic_dim,sample_size,epsilon,coupling,mean_spectral_radius,max_spectral_radius,mean_operator_norm,max_operator_norm,mean_inverse_norm,max_inverse_norm,min_spectral_gap
8,1,32,0.05,xy,0.9350678,0.94722558,0.9350678,0.94722558,15.74778117,18.94857279,0.05277442
8,1,32,0.05,xx,0.95616454,0.98498231,0.95616454,0.98498231,27.619053,66.58815728,0.01501769
8,1,32,0.05,yy,0.95587785,0.99173198,0.95587785,0.99173198,31.18399209,120.94794428,0.00826802
8,1,32,0.1,xy,0.87371889,0.89413431,0.87371889,0.89413431,8.08392055,9.44593079,0.10586569
8,1,32,0.1,xx,0.89930804,0.93395435,0.89930804,0.93395435,10.73441601,15.1410421,0.06604565
8,1,32,0.1,yy,0.89121628,0.91108947,0.89121628,0.91108947,9.3645415,11.2472614,0.08891053
8,1,32,0.2,xy,0.76148906,0.79735279,0.76148906,0.79735279,4.25908339,4.93468431,0.20264721
8,1,32,0.2,xx,0.79436759,0.86006969,0.79436759,0.86006969,5.16710899,7.14641431,0.13993031
8,1,32,0.2,yy,0.767184,0.82122422,0.767184,0.82122422,4.38639384,5.5935988,0.17877578
8,1,32,0.4,xy,0.57536578,0.63398356,0.57536578,0.63398356,2.38057047,2.73211773,0.36601644
8,1,32,0.4,xx,0.61277165,0.71648325,0.61277165,0.71648325,2.67967274,3.52712843,0.28351675
8,1,32,0.4,yy,0.5708434,0.65678465,0.5708434,0.65678465,2.36227673,2.9136226,0.34321535
8,1,32,0.8,xy,0.33256761,0.38980013,0.33256761,0.38980013,1.50521788,1.6388073,0.61019987
8,1,32,0.8,xx,0.36307182,0.46634627,0.36307182,0.46634627,1.58993677,1.87387428,0.53365373
8,1,32,0.8,yy,0.32377054,0.40677677,0.32377054,0.40677677,1.48615481,1.68570607,0.59322323
8,1,64,0.05,xy,0.93891901,0.94923649,0.93891901,0.94923649,16.53232583,19.69919093,0.05076351
8,1,64,0.05,xx,0.94722082,0.96855561,0.94722082,0.96855561,19.75585282,31.8021795,0.03144439
8,1,64,0.05,yy,0.94366987,0.95371404,0.94366987,0.95371404,18.01320406,21.6048251,0.04628596
8,1,64,0.1,xy,0.88059483,0.89975603,0.88059483,0.89975603,8.44645016,9.97566214,0.10024397
8,1,64,0.1,xx,0.89029256,0.9250483,0.89029256,0.9250483,9.38989605,13.34192565,0.0749517
8,1,64,0.1,yy,0.88428973,0.9050601,0.88428973,0.9050601,8.75955483,10.53297882,0.0949399
8,1,64,0.2,xy,0.77162288,0.80740542,0.77162288,0.80740542,4.41251687,5.19225407,0.19259458
8,1,64,0.2,xx,0.78431934,0.84405282,0.78431934,0.84405282,4.7464598,6.41242771,0.15594718
8,1,64,0.2,yy,0.7727376,0.80737966,0.7727376,0.80737966,4.45469967,5.19155976,0.19262034
8,1,64,0.4,xy,0.58734612,0.64152315,0.58734612,0.64152315,2.43713273,2.78958039,0.35847685
8,1,64,0.4,xx,0.6035358,0.69433396,0.6035358,0.69433396,2.56134214,3.27154438,0.30566604
8,1,64,0.4,yy,0.58420954,0.62884134,0.58420954,0.62884134,2.42465428,2.69426556,0.37115866
8,1,64,0.8,xy,0.34000749,0.39363164,0.34000749,0.39363164,1.51882862,1.64916256,0.60636836
8,1,64,0.8,xx,0.3547092,0.44073287,0.3547092,0.44073287,1.5581874,1.78805429,0.55926713
8,1,64,0.8,yy,0.3342283,0.38233595,0.3342283,0.38233595,1.50672345,1.61900309,0.61766405
8,1,128,0.05,xy,0.94267995,0.94925067,0.94267995,0.94925067,17.54820554,19.70469282,0.05074933
8,1,128,0.05,xx,0.94700879,0.96339117,0.94700879,0.96339117,19.30315631,27.31581454,0.03660883
8,1,128,0.05,yy,0.94694028,0.95706415,0.94694028,0.95706415,19.00751909,23.29055859,0.04293585
8,1,128,0.1,xy,0.88814796,0.90120198,0.88814796,0.90120198,8.99118378,10.12166048,0.09879802
8,1,128,0.1,xx,0.89342222,0.92094962,0.89342222,0.92094962,9.55489208,12.65016019,0.07905038
8,1,128,0.1,yy,0.89343605,0.91085787,0.89343605,0.91085787,9.44823432,11.21804072,0.08914213
8,1,128,0.2,xy,0.78693647,0.81093571,0.78693647,0.81093571,4.71587892,5.28920609,0.18906429
8,1,128,0.2,xx,0.7923931,0.83578341,0.7923931,0.83578341,4.885344,6.08951874,0.16421659
8,1,128,0.2,yy,0.79238641,0.81936378,0.79238641,0.81936378,4.84185098,5.53598845,0.18063622
8,1,128,0.4,xy,0.61302864,0.6498943,0.61302864,0.6498943,2.59221199,2.85628029,0.3501057
8,1,128,0.4,xx,0.61744233,0.68071109,0.61744233,0.68071109,2.63913645,3.1319597,0.31928891
8,1,128,0.4,yy,0.61790704,0.65689787,0.61790704,0.65689787,2.62653889,2.91458404,0.34310213
8,1,128,0.8,xy,0.3674894,0.40630601,0.3674894,0.40630601,1.58289541,1.68436941,0.59369399
8,1,128,0.8,xx,0.3700225,0.44035294,0.3700225,0.44035294,1.5940064,1.78684045,0.55964706
8,1,128,0.8,yy,0.37159803,0.41314078,0.37159803,0.41314078,1.59367355,1.70398617,0.58685922
8,2,32,0.05,xy,0.95601079,0.9781704,0.95601079,0.9781704,25.44681344,45.80936656,0.0218296
8,2,32,0.05,xx,0.9964501,0.99979349,0.9964501,0.99979349,1259.74623679,4842.38846639,0.00020651
8,2,32,0.05,yy,0.99738124,0.99999041,0.99738124,0.99999041,15888.20894693,104254.01507372,9.59e-06
8,2,32,0.1,xy,0.90049423,0.93318462,0.90049423,0.93318462,10.37265117,14.96661492,0.06681538
8,2,32,0.1,xx,0.9706546,0.98710087,0.9706546,0.98710087,42.72616958,77.52460156,0.01289913
8,2,32,0.1,yy,0.97071242,0.99511012,0.97071242,0.99511012,62.28092668,204.5039114,0.00488988
8,2,32,0.2,xy,0.80141689,0.84895475,0.80141689,0.84895475,5.12686587,6.62053277,0.15104525
8,2,32,0.2,xx,0.88205996,0.91536765,0.88205996,0.91536765,9.04495737,11.8158134,0.08463235
8,2,32,0.2,yy,0.87328878,0.92849857,0.87328878,0.92849857,8.79525646,13.98573402,0.07150143
8,2,32,0.4,xy,0.62780153,0.71360214,0.62780153,0.71360214,2.72183565,3.49164619,0.28639786
8,2,32,0.4,xx,0.70374975,0.79426861,0.70374975,0.79426861,3.49098874,4.86070686,0.20573139
8,2,32,0.4,yy,0.69581511,0.78066027,0.69581511,0.78066027,3.41477227,4.55913756,0.21933973
8,2,32,0.8,xy,0.38371218,0.47979842,0.38371218,0.47979842,1.63142788,1.92233171,0.52020158
8,2,32,0.8,xx,0.43869451,0.5588418,0.43869451,0.5588418,1.80733261,2.26676053,0.4411582
8,2,32,0.8,yy,0.43737698,0.53375281,0.43737698,0.53375281,1.7967316,2.14478504,0.46624719
8,2,64,0.05,xy,0.94943634,0.98244228,0.94943634,0.98244228,22.32177962,56.95499273,0.01755772
8,2,64,0.05,xx,0.98124765,0.99960343,0.98124765,0.99960343,258.44674284,2521.64775281,0.00039657
8,2,64,0.05,yy,0.98502458,0.99735248,0.98502458,0.99735248,100.48448875,377.71154676,0.00264752
8,2,64,0.1,xy,0.89536012,0.92568916,0.89536012,0.92568916,9.76255819,13.45698602,0.07431084
8,2,64,0.1,xx,0.93189934,0.97055593,0.93189934,0.97055593,16.05315659,33.96269957,0.02944407
8,2,64,0.1,yy,0.94025695,0.96951298,0.94025695,0.96951298,18.59070402,32.80084017,0.03048702
8,2,64,0.2,xy,0.79670154,0.84948645,0.79670154,0.84948645,4.98792363,6.6439202,0.15051355
8,2,64,0.2,xx,0.82908926,0.86073224,0.82908926,0.86073224,5.9275911,7.18041301,0.13926776
8,2,64,0.2,yy,0.84677342,0.91269516,0.84677342,0.91269516,6.83603925,11.45411851,0.08730484
8,2,64,0.4,xy,0.62613838,0.69905483,0.62613838,0.69905483,2.69553215,3.32286444,0.30094517
8,2,64,0.4,xx,0.65267588,0.69825455,0.65267588,0.69825455,2.89857059,3.31405163,0.30174545
8,2,64,0.4,yy,0.67475123,0.79420612,0.67475123,0.79420612,3.15722863,4.85923097,0.20579388
8,2,64,0.8,xy,0.38005432,0.4569334,0.38005432,0.4569334,1.61784059,1.84139479,0.5430666
8,2,64,0.8,xx,0.39751373,0.44400243,0.39751373,0.44400243,1.66498374,1.798569,0.55599757
8,2,64,0.8,yy,0.41779435,0.55512793,0.41779435,0.55512793,1.73505264,2.24783721,0.44487207
8,2,128,0.05,xy,0.94388586,0.95282041,0.94388586,0.95282041,17.91243084,21.19560769,0.04717959
8,2,128,0.05,xx,0.96609235,0.97886082,0.96609235,0.97886082,30.89396478,47.30552969,0.02113918
8,2,128,0.05,yy,0.96387433,0.97135758,0.96387433,0.97135758,28.17488877,34.91325182,0.02864242
8,2,128,0.1,xy,0.89004809,0.90304652,0.89004809,0.90304652,9.12486412,10.3142253,0.09695348
8,2,128,0.1,xx,0.91246968,0.93922747,0.91246968,0.93922747,11.72643349,16.45480383,0.06077253
8,2,128,0.1,yy,0.91248269,0.92440699,0.91248269,0.92440699,11.53206801,13.22873634,0.07559301
8,2,128,0.2,xy,0.78973328,0.80916138,0.78973328,0.80916138,4.76815543,5.24002964,0.19083862
8,2,128,0.2,xx,0.81118829,0.85391414,0.81118829,0.85391414,5.37782166,6.84528938,0.14608586
8,2,128,0.2,yy,0.81371278,0.83369615,0.81371278,0.83369615,5.3988565,6.01309008,0.16630385
8,2,128,0.4,xy,0.61488606,0.64493924,0.61488606,0.64493924,2.60121022,2.81641937,0.35506076
8,2,128,0.4,xx,0.63674578,0.69119118,0.63674578,0.69119118,2.77667857,3.2382495,0.30880882
8,2,128,0.4,yy,0.63842293,0.67388265,0.63842293,0.67388265,2.7752201,3.06638086,0.32611735
8,2,128,0.8,xy,0.36680247,0.40106793,0.36680247,0.40106793,1.5804172,1.66963842,0.59893207
8,2,128,0.8,xx,0.38536237,0.44639882,0.38536237,0.44639882,1.63236131,1.80635453,0.55360118
8,2,128,0.8,yy,0.38518874,0.43141841,0.38518874,0.43141841,1.62890302,1.75876252,0.56858159
12,1,32,0.05,xy,0.93111343,0.96141203,0.93111343,0.96141203,15.3435037,25.91481169,0.03858797
12,1,32,0.05,xx,0.95162287,0.98167939,0.95162287,0.98167939,25.89633741,54.58333575,0.01832061
12,1,32,0.05,yy,0.95495198,0.98706306,0.95495198,0.98706306,28.82723553,77.29802418,0.01293694
12,1,32,0.1,xy,0.86728295,0.9183674,0.86728295,0.9183674,7.86155273,12.25000855,0.0816326
12,1,32,0.1,xx,0.88799173,0.93324094,0.88799173,0.93324094,9.70102034,14.9792392,0.06675906
12,1,32,0.1,yy,0.90280476,0.96180782,0.90280476,0.96180782,11.72298735,26.18336964,0.03819218
12,1,32,0.2,xy,0.75436665,0.83819361,0.75436665,0.83819361,4.19684371,6.18022563,0.16180639
12,1,32,0.2,xx,0.7725698,0.85661006,0.7725698,0.85661006,4.63801898,6.97398975,0.14338994
12,1,32,0.2,yy,0.80016686,0.89994419,0.80016686,0.89994419,5.36140775,9.9944222,0.10005581
12,1,32,0.4,xy,0.57053929,0.68667577,0.57053929,0.68667577,2.3689069,3.19158211,0.31332423
12,1,32,0.4,xx,0.58115203,0.70255523,0.58115203,0.70255523,2.45899138,3.36196871,0.29744477
12,1,32,0.4,yy,0.61771468,0.76741464,0.61771468,0.76741464,2.70846449,4.29949674,0.23258536
12,1,32,0.8,xy,0.32813583,0.43751395,0.32813583,0.43751395,1.49675446,1.77782187,0.56248605
12,1,32,0.8,xx,0.32898666,0.43882673,0.32898666,0.43882673,1.50468706,1.78198082,0.56117327
12,1,32,0.8,yy,0.36172444,0.50905308,0.36172444,0.50905308,1.58399883,2.03688006,0.49094692
12,1,64,0.05,xy,0.94067274,0.95162432,0.94067274,0.95162432,17.10272875,20.6715438,0.04837568
12,1,64,0.05,xx,0.94767601,0.95786939,0.94767601,0.95786939,19.57497258,23.73571099,0.04213061
12,1,64,0.05,yy,0.94498643,0.9625507,0.94498643,0.9625507,19.35049942,26.70276637,0.0374493
12,1,64,0.1,xy,0.88473943,0.90553725,0.88473943,0.90553725,8.78111362,10.5861839,0.09446275
12,1,64,0.1,xx,0.89364018,0.9149936,0.89364018,0.9149936,9.62847472,11.76382034,0.0850064
12,1,64,0.1,yy,0.88891026,0.92265539,0.88891026,0.92265539,9.47383054,12.92914848,0.07734461
12,1,64,0.2,xy,0.78025692,0.8185149,0.78025692,0.8185149,4.59459417,5.51009419,0.1814851
12,1,64,0.2,xx,0.79119777,0.83252279,0.79119777,0.83252279,4.8912375,5.97096159,0.16747721
12,1,64,0.2,yy,0.78280004,0.84762335,0.78280004,0.84762335,4.78908664,6.5626852,0.15237665
12,1,64,0.4,xy,0.60015137,0.65866685,0.60015137,0.65866685,2.5162979,2.92968907,0.34133315
12,1,64,0.4,xx,0.61254804,0.67095514,0.61254804,0.67095514,2.6156919,3.03909929,0.32904486
12,1,64,0.4,yy,0.60067832,0.70840835,0.60067832,0.70840835,2.56918317,3.42945353,0.29159165
12,1,64,0.8,xy,0.35128672,0.40748694,0.35128672,0.40748694,1.54498605,1.68772651,0.59251306
12,1,64,0.8,xx,0.36162144,0.41913083,0.36162144,0.41913083,1.57374262,1.72155805,0.58086917
12,1,64,0.8,yy,0.35202872,0.47499139,0.35202872,0.47499139,1.55847711,1.90473066,0.52500861
12,1,128,0.05,xy,0.93849481,0.94597871,0.93849481,0.94597871,16.36711235,18.51122195,0.05402129
12,1,128,0.05,xx,0.94401213,0.95701121,0.94401213,0.95701121,18.24727387,23.26188095,0.04298879
12,1,128,0.05,yy,0.94110583,0.94847425,0.94110583,0.94847425,17.19467871,19.40777319,0.05152575
12,1,128,0.1,xy,0.88060677,0.89460163,0.88060677,0.89460163,8.43008641,9.48781257,0.10539837
12,1,128,0.1,xx,0.88843544,0.91359741,0.88843544,0.91359741,9.13552284,11.57372663,0.08640259
12,1,128,0.1,yy,0.88263197,0.89679364,0.88263197,0.89679364,8.60741557,9.68932508,0.10320636
12,1,128,0.2,xy,0.77397547,0.7977614,0.77397547,0.7977614,4.44942055,4.94465444,0.2022386
12,1,128,0.2,xx,0.78430928,0.8299584,0.78430928,0.8299584,4.70873242,5.88091386,0.1700416
12,1,128,0.2,yy,0.77439168,0.80095306,0.77439168,0.80095306,4.46995392,5.02394068,0.19904694
12,1,128,0.4,xy,0.59313357,0.63007195,0.59313357,0.63007195,2.46761487,2.70322839,0.36992805
12,1,128,0.4,xx,0.6050187,0.66960091,0.6050187,0.66960091,2.55586202,3.02664273,0.33039909
12,1,128,0.4,yy,0.59129788,0.63461977,0.59129788,0.63461977,2.46073338,2.73687499,0.36538023
12,1,128,0.8,xy,0.34627228,0.38778288,0.34627228,0.38778288,1.53227181,1.63340743,0.61221712
12,1,128,0.8,xx,0.35568473,0.41043131,0.35568473,0.41043131,1.55725912,1.6961552,0.58956869
12,1,128,0.8,yy,0.34321311,0.39247372,0.34321311,0.39247372,1.52595443,1.64601933,0.60752628
12,2,32,0.05,xy,0.94388037,0.96263651,0.94388037,0.96263651,18.77262009,26.76409212,0.03736349
12,2,32,0.05,xx,0.99427444,0.99997285,0.99427444,0.99997285,3723.27478761,36834.52059081,2.715e-05
12,2,32,0.05,yy,0.99785827,0.99999117,0.99785827,0.99999117,12726.8333608,113243.54141671,8.83e-06
12,2,32,0.1,xy,0.89334561,0.91237578,0.89334561,0.91237578,9.57879308,11.41236964,0.08762422
12,2,32,0.1,xx,0.96025979,0.99497083,0.96025979,0.99497083,49.61016915,198.84006845,0.00502917
12,2,32,0.1,yy,0.97210716,0.99527946,0.97210716,0.99527946,65.70232576,211.84004986,0.00472054
12,2,32,0.2,xy,0.799184,0.8386966,0.799184,0.8386966,5.03848628,6.19949726,0.1613034
12,2,32,0.2,xx,0.87551266,0.95719599,0.87551266,0.95719599,9.79830739,23.36229934,0.04280401
12,2,32,0.2,yy,0.87757409,0.94640525,0.87757409,0.94640525,8.97444786,18.65854245,0.05359475
12,2,32,0.4,xy,0.6335608,0.69849445,0.6335608,0.69849445,2.75102228,3.31668851,0.30150555
12,2,32,0.4,xx,0.71313111,0.85753526,0.71313111,0.85753526,3.81539617,7.01928065,0.14246474
12,2,32,0.4,yy,0.69018797,0.80759952,0.69018797,0.80759952,3.3212918,5.19749235,0.19240048
12,2,32,0.8,xy,0.38886056,0.45549726,0.38886056,0.45549726,1.6422167,1.83653805,0.54450274
12,2,32,0.8,xx,0.45566606,0.64973389,0.45566606,0.64973389,1.89576372,2.85497216,0.35026611
12,2,32,0.8,yy,0.42463556,0.55708997,0.42463556,0.55708997,1.75383614,2.25779491,0.44291003
12,2,64,0.05,xy,0.94445007,0.95595855,0.94445007,0.95595855,18.31225858,22.70588141,0.04404145
12,2,64,0.05,xx,0.97959012,0.9901006,0.97959012,0.9901006,53.60572093,101.01624853,0.0098994
12,2,64,0.05,yy,0.98364641,0.99175435,0.98364641,0.99175435,72.26551712,121.27606908,0.00824565
12,2,64,0.1,xy,0.89186708,0.90738409,0.89186708,0.90738409,9.35816242,10.79728051,0.09261591
12,2,64,0.1,xx,0.92676304,0.94688938,0.92676304,0.94688938,14.15933942,18.82862674,0.05311062
12,2,64,0.1,yy,0.93644248,0.95829107,0.93644248,0.95829107,16.48303733,23.97568246,0.04170893
12,2,64,0.2,xy,0.79211327,0.82241017,0.79211327,0.82241017,4.85942177,5.63095312,0.17758983
12,2,64,0.2,xx,0.82694755,0.8708773,0.82694755,0.8708773,5.90263724,7.74457166,0.1291227
12,2,64,0.2,yy,0.83698287,0.89371039,0.83698287,0.89371039,6.36099566,9.40825716,0.10628961
12,2,64,0.4,xy,0.61601471,0.66818408,0.61601471,0.66818408,2.62017685,3.01371913,0.33181592
12,2,64,0.4,xx,0.64837792,0.73155337,0.64837792,0.73155337,2.87885478,3.72513528,0.26844663
12,2,64,0.4,yy,0.66365882,0.76033433,0.66365882,0.76033433,3.03949276,4.17247904,0.23966567
12,2,64,0.8,xy,0.36563311,0.43333253,0.36563311,0.43333253,1.58033312,1.76470338,0.56666747
12,2,64,0.8,xx,0.39188074,0.48398874,0.39188074,0.48398874,1.65135289,1.9379422,0.51601126
12,2,64,0.8,yy,0.40959059,0.50908204,0.40959059,0.50908204,1.70846744,2.03700025,0.49091796
12,2,128,0.05,xy,0.94590163,0.95341439,0.94590163,0.95341439,18.60135461,21.46585806,0.04658561
12,2,128,0.05,xx,0.96484293,0.97739039,0.96484293,0.97739039,29.01098223,44.22898225,0.02260961
12,2,128,0.05,yy,0.96433675,0.97461665,0.96433675,0.97461665,28.82353771,39.39590679,0.02538335
12,2,128,0.1,xy,0.89339089,0.9068835,0.89339089,0.9068835,9.42867052,10.73923517,0.0931165
12,2,128,0.1,xx,0.9114612,0.93686004,0.9114612,0.93686004,11.45889788,15.83783028,0.06313996
12,2,128,0.1,yy,0.91307011,0.93684359,0.91307011,0.93684359,11.71246409,15.83370659,0.06315641
12,2,128,0.2,xy,0.79489596,0.81906821,0.79489596,0.81906821,4.89915701,5.52694457,0.18093179
12,2,128,0.2,xx,0.81349621,0.85854723,0.81349621,0.85854723,5.42402684,7.06949742,0.14145277
12,2,128,0.2,yy,0.81719651,0.86301766,0.81719651,0.86301766,5.54610418,7.30021094,0.13698234
12,2,128,0.4,xy,0.62189051,0.65675947,0.62189051,0.65675947,2.65445574,2.91340885,0.34324053
12,2,128,0.4,xx,0.64106192,0.70946115,0.64106192,0.70946115,2.80687916,3.44188043,0.29053885
12,2,128,0.4,yy,0.64642758,0.71887357,0.64642758,0.71887357,2.85523243,3.55711846,0.28112643
12,2,128,0.8,xy,0.37310254,0.40730644,0.37310254,0.40730644,1.5977728,1.68721252,0.59269356
12,2,128,0.8,xx,0.38929506,0.46537276,0.38929506,0.46537276,1.64249905,1.8704621,0.53462724
12,2,128,0.8,yy,0.39678497,0.48241614,0.39678497,0.48241614,1.66527984,1.93205407,0.51758386
