scenario_id,suite_name,master_seed,scenario_seed,repetitions,lag_count,sample_size,H,zeta,sigma0,a,C_K,C_S,empirical_relative_regret,empirical_relative_regret_se,theoretical_relative_regret,empirical_to_theoretical_ratio
09feac94981a,default,12345,10989421762586,1000,10,500,0.3,0.5,1.0,0.5,100.0,1.0,0.009042480489560325,0.00041424537748276563,0.008768478810364539,1.031248485070399
7dfeccd794b9,default,12345,138533311845561,1000,10,500,0.3,1.0,1.0,0.5,100.0,1.0,0.001847025618797105,8.247978603429238e-05,0.001785383745318124,1.0345258399717299
01db10de1e8c,default,12345,2040392457868,1000,10,500,0.3,2.0,1.0,0.5,100.0,1.0,0.0003285233857165118,1.3616191310530351e-05,0.0003551338223654996,0.9250692697424898
70db633587ef,default,12345,124087564601327,1000,10,1000,0.3,0.5,1.0,0.5,100.0,1.0,0.004502275818293864,0.0002037930112277018,0.0043842394051822695,1.026922894076467
8f316dad84e9,default,12345,157442456257769,1000,10,1000,0.3,1.0,1.0,0.5,100.0,1.0,0.0008723932786339723,3.882225712627379e-05,0.000892691872659062,0.9772613657110754
0304249c1bbf,default,12345,3316328963007,1000,10,1000,0.3,2.0,1.0,0.5,100.0,1.0,0.00018309122723379062,8.060648296628233e-06,0.0001775669111827498,1.0311111795223789
5ba18e40977e,default,12345,100749434460030,1000,10,5000,0.3,0.5,1.0,0.5,100.0,1.0,0.0009236058069224147,4.1192066295873415e-05,0.000876847881036454,1.0533250144035151
12e3c67ec13a,default,12345,20769497071930,1000,10,5000,0.3,1.0,1.0,0.5,100.0,1.0,0.00017269866926513538,7.801629930180935e-06,0.00017853837453181241,0.9672915960952894
42e87d832361,default,12345,73566305592161,1000,10,5000,0.3,2.0,1.0,0.5,100.0,1.0,3.64951728024574e-05,1.615852540139302e-06,3.551338223654996e-05,1.027645650852624
1ae53559e3c5,default,12345,29571744916421,1000,20,500,0.3,0.5,1.0,0.5,100.0,1.0,0.0023603859073432635,0.0001089318810064866,0.002285290167469769,1.0328604835142834
a4a2797b3c9d,default,12345,181017729776797,1000,20,500,0.3,1.0,1.0,0.5,100.0,1.0,0.00044880010649970365,1.946590817528818e-05,0.00045743818583765425,0.9811164008484935
e45e1e62ceec,default,12345,251092887850732,1000,20,500,0.3,2.0,1.0,0.5,100.0,1.0,8.969446931089925e-05,4.165677029065219e-06,8.906856172070265e-05,1.0070272560610027
957558c61fe4,default,12345,164331233091556,1000,20,1000,0.3,0.5,1.0,0.5,100.0,1.0,0.0012752057347741228,5.4609421076099226e-05,0.0011426450837348846,1.1160120959046587
5eb4f7d9c815,default,12345,104131345369109,1000,20,1000,0.3,1.0,1.0,0.5,100.0,1.0,0.00024210097285005957,1.0711094191647142e-05,0.00022871909291882712,1.0585079267343094
c1878991fd82,default,12345,212787872791938,1000,20,1000,0.3,2.0,1.0,0.5,100.0,1.0,4.504536760398772e-05,2.1813452672912232e-06,4.4534280860351324e-05,1.011476254556328
983dcba7d45d,default,12345,167391177200733,1000,20,5000,0.3,0.5,1.0,0.5,100.0,1.0,0.0002210678033992232,1.0208675515943109e-05,0.0002285290167469769,0.9673511335498607
ab8001a738dd,default,12345,188566271899869,1000,20,5000,0.3,1.0,1.0,0.5,100.0,1.0,4.351755713357253e-05,1.8672285829233995e-06,4.574381858376542e-05,0.9513319718572206
84aef1849c97,default,12345,145886911175831,1000,20,5000,0.3,2.0,1.0,0.5,100.0,1.0,8.651238064371926e-06,3.7420277718359144e-07,8.906856172070265e-06,0.9713009727832032
e7c8c4736c95,default,12345,254849475374229,1000,50,500,0.3,0.5,1.0,0.5,100.0,1.0,0.00041902593622062295,1.7283569922195205e-05,0.0004011322981342498,1.0446078218323485
2b5d3a3beb03,default,12345,47679408958211,1000,50,500,0.3,1.0,1.0,0.5,100.0,1.0,7.769938066557121e-05,3.3730340273248804e-06,7.803458181160464e-05,0.9957044538683799
15fcb1bf14fd,default,12345,24175058031869,1000,50,500,0.3,2.0,1.0,0.5,100.0,1.0,1.4645457934651919e-05,6.583507291613782e-07,1.4648831883320726e-05,0.9997696779718901
13aa57f20955,default,12345,21622340847957,1000,50,1000,0.3,0.5,1.0,0.5,100.0,1.0,0.0001971081144814343,8.778755356481903e-06,0.0002005661490671249,0.982758632990788
e2557e474ca3,default,12345,248856818699427,1000,50,1000,0.3,1.0,1.0,0.5,100.0,1.0,3.812555478406553e-05,1.7014932374146454e-06,3.901729090580232e-05,0.977145104105519
d09e431ca87b,default,12345,229378149361787,1000,50,1000,0.3,2.0,1.0,0.5,100.0,1.0,7.738445910327284e-06,3.569807653065043e-07,7.324415941660363e-06,1.0565273698223459
3879545ca676,default,12345,62093757556342,1000,50,5000,0.3,0.5,1.0,0.5,100.0,1.0,4.0382726260239394e-05,1.7250478851054928e-06,4.0113229813424984e-05,1.0067183931104
cfd3e66f0576,default,12345,228509011084662,1000,50,5000,0.3,1.0,1.0,0.5,100.0,1.0,7.765536974411936e-06,3.5533965057813313e-07,7.803458181160463e-06,0.9951404613354526
79b08eff3981,default,12345,133799220296065,1000,50,5000,0.3,2.0,1.0,0.5,100.0,1.0,1.400338436492868e-06,6.254513635513218e-08,1.4648831883320724e-06,0.9559386356855555
5ef92eb739d5,default,12345,104424323627477,1000,10,500,0.6,0.5,1.0,0.5,100.0,1.0,0.0012814834006711568,5.66047462882996e-05,0.0012502205207383433,1.0250058924919505
86fcd97247eb,default,12345,148420538025963,1000,10,500,0.6,1.0,1.0,0.5,100.0,1.0,0.0002374834133435696,1.0338347383941432e-05,0.00023059570012319146,1.029869217928602
4bb25833dd0d,default,12345,83229356055821,1000,10,500,0.6,2.0,1.0,0.5,100.0,1.0,4.100337915604725e-05,1.8345474662859604e-06,4.0305001747857814e-05,1.017327313680778
3653b018575e,default,12345,59733064570718,1000,10,1000,0.6,0.5,1.0,0.5,100.0,1.0,0.0006206447414452134,2.6248991954500338e-05,0.0006251102603691717,0.9928564299659375
40d13fa46864,default,12345,71267460081764,1000,10,1000,0.6,1.0,1.0,0.5,100.0,1.0,0.00011210551137535088,4.541025761300773e-06,0.00011529785006159573,0.9723122444647545
b31370818e1a,default,12345,196896073289242,1000,10,1000,0.6,2.0,1.0,0.5,100.0,1.0,2.0527394722748616e-05,9.115542018102256e-07,2.0152500873928907e-05,1.0186028449354743
cb6195b23ae7,default,12345,223619983751911,1000,10,5000,0.6,0.5,1.0,0.5,100.0,1.0,0.000126543756943431,5.86247793884567e-06,0.0001250220520738343,1.0121714917037037
ce24c7efb42c,default,12345,226657368519724,1000,10,5000,0.6,1.0,1.0,0.5,100.0,1.0,2.361684053071782e-05,1.0998070981617648e-06,2.305957001231915e-05,1.0241665615664541
7af5a3cee504,default,12345,135195433821444,1000,10,5000,0.6,2.0,1.0,0.5,100.0,1.0,3.820640961841735e-06,1.7540352563824462e-07,4.030500174785782e-06,0.9479322158929813
a82896f736c3,default,12345,184892284942019,1000,20,500,0.6,0.5,1.0,0.5,100.0,1.0,0.00018693191148596555,7.995168127640747e-06,0.00019954722005873142,0.936780334153225
5a428aa3318e,default,12345,99241840292238,1000,20,500,0.6,1.0,1.0,0.5,100.0,1.0,3.4390269321633654e-05,1.4544372753403419e-06,3.475303972157476e-05,0.9895614771298438
5d6b45fb79f5,default,12345,102715316992501,1000,20,500,0.6,2.0,1.0,0.5,100.0,1.0,5.396535967352815e-06,2.39500634867683e-07,5.598627685217687e-06,0.9639033475295269
5c7596c63684,default,12345,101660110501508,1000,20,1000,0.6,0.5,1.0,0.5,100.0,1.0,9.506009609609946e-05,4.0398101215969766e-06,9.977361002936571e-05,0.9527579093121022
b00222c2bd69,default,12345,193523219610985,1000,20,1000,0.6,1.0,1.0,0.5,100.0,1.0,1.7581235404250322e-05,7.80272290397246e-07,1.737651986078738e-05,1.0117811590066956
199ff205a832,default,12345,28174750951474,1000,20,1000,0.6,2.0,1.0,0.5,100.0,1.0,2.752113510408226e-06,1.1629593007033499e-07,2.7993138426088435e-06,0.9831386065105765
c2b22e9d692b,default,12345,214070542035243,1000,20,5000,0.6,0.5,1.0,0.5,100.0,1.0,2.152670134015032e-05,9.406134055488294e-07,1.995472200587314e-05,1.078777310644293
ceb60e54989c,default,12345,227281319794844,1000,20,5000,0.6,1.0,1.0,0.5,100.0,1.0,3.364235684774606e-06,1.4692269301261338e-07,3.4753039721574766e-06,0.9680406985194105
686da19fbe4e,default,12345,114820072324686,1000,20,5000,0.6,2.0,1.0,0.5,100.0,1.0,5.834498655325016e-07,2.6870642110504495e-08,5.598627685217688e-07,1.042130140343161
57efecf1ca33,default,12345,96687984069171,1000,50,500,0.6,0.5,1.0,0.5,100.0,1.0,1.602088816945784e-05,6.868481716889767e-07,1.5794236133105614e-05,1.0143503006060008
d8abcb6cfc92,default,12345,238232363924626,1000,50,500,0.6,1.0,1.0,0.5,100.0,1.0,2.4344659915503543e-06,1.0446625540990713e-07,2.433966592024228e-06,1.0002051792854358
85c747ee74a4,default,12345,147090951795876,1000,50,500,0.6,2.0,1.0,0.5,100.0,1.0,3.3472713998596105e-07,1.5497981561739054e-08,3.2396505563293877e-07,1.03321989259612
2efc60dabe66,default,12345,51661491584614,1000,50,1000,0.6,0.5,1.0,0.5,100.0,1.0,7.942685307289633e-06,3.4134703530063234e-07,7.897118066552807e-06,1.0057701101025474
694f247881c2,default,12345,115788635210178,1000,50,1000,0.6,1.0,1.0,0.5,100.0,1.0,1.1809327741050364e-06,5.2735934474582735e-08,1.216983296012114e-06,0.9703771431989164
e1718caeb936,default,12345,247877807814966,1000,50,1000,0.6,2.0,1.0,0.5,100.0,1.0,1.4534858607604696e-07,6.427610255142204e-09,1.6198252781646938e-07,0.8973102718876622
dc68ac170b9a,default,12345,242342121900954,1000,50,5000,0.6,0.5,1.0,0.5,100.0,1.0,1.5259398762021998e-06,7.100680483908516e-08,1.5794236133105613e-06,0.9661371802614395
3f4935684fbe,default,12345,69583661191102,1000,50,5000,0.6,1.0,1.0,0.5,100.0,1.0,2.489285196465859e-07,1.1308933771023219e-08,2.433966592024228e-07,1.0227277583114338
164954e14654,default,12345,24504212473428,1000,50,5000,0.6,2.0,1.0,0.5,100.0,1.0,3.301339056290661e-08,1.5233719025253887e-09,3.239650556329388e-08,1.0190417141875845
005026e1026b,default,12345,344249664107,1000,10,500,0.9,0.5,1.0,0.5,100.0,1.0,0.0001786376811876718,7.653459226286668e-06,0.0001783427625320193,1.0016536620352035
ede1efa92f1c,default,12345,261554644266780,1000,10,500,0.9,1.0,1.0,0.5,100.0,1.0,2.7436072764121446e-05,1.232180173978581e-06,2.8897806999539643e-05,0.9494171223635938
a50ca7a61c9e,default,12345,181473770871966,1000,10,500,0.9,2.0,1.0,0.5,100.0,1.0,4.250744892753925e-06,1.8371195653596436e-07,4.171096113688367e-06,1.0190954072729643
a6a9fbbf7752,default,12345,183249003312978,1000,10,1000,0.9,0.5,1.0,0.5,100.0,1.0,8.432225796315749e-05,3.890836199678243e-06,8.917138126600965e-05,0.9456201840320652
a7e0c70be06f,default,12345,184583853957231,1000,10,1000,0.9,1.0,1.0,0.5,100.0,1.0,1.4565123854972057e-05,6.346080368984837e-07,1.4448903499769822e-05,1.0080435415188487
6eb8f58cba52,default,12345,121740672678482,1000,10,1000,0.9,2.0,1.0,0.5,100.0,1.0,2.123604656385213e-06,9.278987744745851e-08,2.0855480568441836e-06,1.018247769173258
7090455c3707,default,12345,123764941272839,1000,10,5000,0.9,0.5,1.0,0.5,100.0,1.0,1.9681939458607143e-05,8.604050981131037e-07,1.783427625320193e-05,1.1036018047030918
caabce2436d0,default,12345,222839246698192,1000,10,5000,0.9,1.0,1.0,0.5,100.0,1.0,3.0281026913904703e-06,1.3225460771976404e-07,2.8897806999539643e-06,1.0478659129527406
839bf5af80e8,default,12345,144705865089256,1000,10,5000,0.9,2.0,1.0,0.5,100.0,1.0,4.157616219376646e-07,1.8097179955977353e-08,4.171096113688367e-07,0.9967682609212758
9205a24433d8,default,12345,160552894870488,1000,20,500,0.9,0.5,1.0,0.5,100.0,1.0,1.3932167697735518e-05,6.499606541161377e-07,1.4671657306410287e-05,0.9495974044901067
b52057edd4a6,default,12345,199150518785190,1000,20,500,0.9,1.0,1.0,0.5,100.0,1.0,1.932358261637369e-06,8.369177634232354e-08,2.002487080862454e-06,0.9649791402425023
ccde4bc20bbb,default,12345,225255125814203,1000,20,500,0.9,2.0,1.0,0.5,100.0,1.0,2.1327851779873056e-07,9.453559670737583e-09,2.159538795634649e-07,0.9876114206878691
07f48c15824e,default,12345,8746903634510,1000,20,1000,0.9,0.5,1.0,0.5,100.0,1.0,7.198277477859411e-06,3.0120297764002484e-07,7.3358286532051435e-06,0.9812494018265225
90f426dea68b,default,12345,159378298545803,1000,20,1000,0.9,1.0,1.0,0.5,100.0,1.0,9.787047111360012e-07,4.086344140163717e-08,1.001243540431227e-06,0.9774891638396802
b26bb786f850,default,12345,196175710320720,1000,20,1000,0.9,2.0,1.0,0.5,100.0,1.0,1.0915913952957606e-07,4.938996032791141e-09,1.0797693978173246e-07,1.0109486317192664
c20cfd99e7e0,default,12345,213361050118112,1000,20,5000,0.9,0.5,1.0,0.5,100.0,1.0,1.424819244038933e-06,6.455989767538355e-08,1.4671657306410287e-06,0.9711372166635914
fd660a9baa6b,default,12345,278614706465387,1000,20,5000,0.9,1.0,1.0,0.5,100.0,1.0,1.9910750510429153e-07,8.75909578690136e-09,2.002487080862454e-07,0.9943010719376908
bcb900c5b5d6,default,12345,207502767928790,1000,20,5000,0.9,2.0,1.0,0.5,100.0,1.0,1.949808527824488e-08,8.93656214624566e-10,2.159538795634649e-08,0.9028819170861319
ce588a78ddba,default,12345,226879675620794,1000,50,500,0.9,0.5,1.0,0.5,100.0,1.0,3.35617938045734e-07,1.5041821446548013e-08,3.2856255170091533e-07,1.0214734951025126
894c47f75b8e,default,12345,150960717912974,1000,50,500,0.9,1.0,1.0,0.5,100.0,1.0,2.5901083938543354e-08,1.211431420357994e-09,2.577834296265604e-08,1.0047613989799549
3111d32f4800,default,12345,53952627296256,1000,50,500,0.9,2.0,1.0,0.5,100.0,1.0,2.8780854624804417e-09,1.3183000505810178e-10,2.868989873806324e-09,1.0031703104835468
726902dbc970,default,12345,125795345090928,1000,50,1000,0.9,0.5,1.0,0.5,100.0,1.0,1.6471140759024786e-07,7.055172539344174e-09,1.6428127585045767e-07,1.002618263935214
2d55dece6997,default,12345,49846833539479,1000,50,1000,0.9,1.0,1.0,0.5,100.0,1.0,1.2005751722151601e-08,5.074893040163904e-10,1.288917148132802e-08,0.9314603145395195
4f22a13d0b7e,default,12345,87010152614782,1000,50,1000,0.9,2.0,1.0,0.5,100.0,1.0,1.3768842565608362e-09,6.176712998561514e-11,1.434494936903162e-09,0.9598390493683457
2e74471ec6b4,default,12345,51076944283316,1000,50,5000,0.9,0.5,1.0,0.5,100.0,1.0,3.226484216260514e-08,1.4899182505138823e-09,3.285625517009153e-08,0.9819999873867322
8cb15cd9e44e,default,12345,154693394883662,1000,50,5000,0.9,1.0,1.0,0.5,100.0,1.0,2.6111451126351583e-09,1.1591097523789801e-10,2.577834296265604e-09,1.0129220161349433
243b38937e5e,default,12345,39836770860638,1000,50,5000,0.9,2.0,1.0,0.5,100.0,1.0,2.7874402924455484e-10,1.3541673697461954e-11,2.868989873806324e-10,0.9715755074267366
