scenario_id,suite_name,master_seed,scenario_seed,repetitions,lag_count,sample_size,H,zeta,sigma0,a,C_K,C_S
58a24899edb0,transition,2026,97454025993648,1000,3,10,0.3,0.5,1.0,0.5,100.0,1.0
b466b5629e90,transition,2026,198353222803088,1000,3,10,0.3,1.0,1.0,0.5,100.0,1.0
03f4a1837c61,transition,2026,4349216652385,1000,3,10,0.3,2.0,1.0,0.5,100.0,1.0
ada3fc1d2fb2,transition,2026,190919821045682,1000,3,10,0.3,4.0,1.0,0.5,100.0,1.0
aa5491672652,transition,2026,187280193431122,1000,3,20,0.3,0.5,1.0,0.5,100.0,1.0
cf1b02177d50,transition,2026,227714906160464,1000,3,20,0.3,1.0,1.0,0.5,100.0,1.0
a372e547633b,transition,2026,179713868260155,1000,3,20,0.3,2.0,1.0,0.5,100.0,1.0
f81786fe89bd,transition,2026,272779932764605,1000,3,20,0.3,4.0,1.0,0.5,100.0,1.0
eba0c7e27730,transition,2026,259075780802352,1000,3,50,0.3,0.5,1.0,0.5,100.0,1.0
caddb167a0a6,transition,2026,223053512941734,1000,3,50,0.3,1.0,1.0,0.5,100.0,1.0
7a657fed531a,transition,2026,134576356545306,1000,3,50,0.3,2.0,1.0,0.5,100.0,1.0
6a082e0616d4,transition,2026,116583364433620,1000,3,50,0.3,4.0,1.0,0.5,100.0,1.0
368ae824a695,transition,2026,59970228102805,1000,3,100,0.3,0.5,1.0,0.5,100.0,1.0
35c0fecd362d,transition,2026,59103024854573,1000,3,100,0.3,1.0,1.0,0.5,100.0,1.0
3fdc134b591c,transition,2026,70214449060124,1000,3,100,0.3,2.0,1.0,0.5,100.0,1.0
2d0e6061a7df,transition,2026,49539769804767,1000,3,100,0.3,4.0,1.0,0.5,100.0,1.0
9dffeb5f130d,transition,2026,173722491097869,1000,3,200,0.3,0.5,1.0,0.5,100.0,1.0
ec229707fc7b,transition,2026,259633306926203,1000,3,200,0.3,1.0,1.0,0.5,100.0,1.0
6734f06fea05,transition,2026,113477069826565,1000,3,200,0.3,2.0,1.0,0.5,100.0,1.0
34248f22d5ac,transition,2026,57331624891820,1000,3,200,0.3,4.0,1.0,0.5,100.0,1.0
02e53cee11df,transition,2026,3183593001439,1000,5,10,0.3,0.5,1.0,0.5,100.0,1.0
8fe786265e4d,transition,2026,158224550878797,1000,5,10,0.3,1.0,1.0,0.5,100.0,1.0
903fa66acdf0,transition,2026,158603049356784,1000,5,10,0.3,2.0,1.0,0.5,100.0,1.0
13ce60adcdc1,transition,2026,21777106193857,1000,5,10,0.3,4.0,1.0,0.5,100.0,1.0
9d150692e6ed,transition,2026,172713630164717,1000,5,20,0.3,0.5,1.0,0.5,100.0,1.0
f03d75d4197f,transition,2026,264146760505727,1000,5,20,0.3,1.0,1.0,0.5,100.0,1.0
5eaee68f1cde,transition,2026,104105285459166,1000,5,20,0.3,2.0,1.0,0.5,100.0,1.0
33eb4a0c3b06,transition,2026,57085652646662,1000,5,20,0.3,4.0,1.0,0.5,100.0,1.0
044c9a0cf15f,transition,2026,4727048565087,1000,5,50,0.3,0.5,1.0,0.5,100.0,1.0
9ba3803d29b3,transition,2026,171126533466547,1000,5,50,0.3,1.0,1.0,0.5,100.0,1.0
1f59d70bf63a,transition,2026,34470720435770,1000,5,50,0.3,2.0,1.0,0.5,100.0,1.0
22f024bd0cfc,transition,2026,38414803864828,1000,5,50,0.3,4.0,1.0,0.5,100.0,1.0
41a7bf95e7d2,transition,2026,72188729616338,1000,5,100,0.3,0.5,1.0,0.5,100.0,1.0
527ff7602c2c,transition,2026,90709564599340,1000,5,100,0.3,1.0,1.0,0.5,100.0,1.0
ac6990f43d4e,transition,2026,189569403469134,1000,5,100,0.3,2.0,1.0,0.5,100.0,1.0
53f3b4f01d23,transition,2026,92306177793315,1000,5,100,0.3,4.0,1.0,0.5,100.0,1.0
309b4278cc11,transition,2026,53443393276945,1000,5,200,0.3,0.5,1.0,0.5,100.0,1.0
cc10700f53ae,transition,2026,224370971595694,1000,5,200,0.3,1.0,1.0,0.5,100.0,1.0
086003f45b36,transition,2026,9208476228406,1000,5,200,0.3,2.0,1.0,0.5,100.0,1.0
eb3dc24852e9,transition,2026,258650485052137,1000,5,200,0.3,4.0,1.0,0.5,100.0,1.0
7374eda228cc,transition,2026,126946040228044,1000,8,10,0.3,0.5,1.0,0.5,100.0,1.0
0d07334113b0,transition,2026,14324575835056,1000,8,10,0.3,1.0,1.0,0.5,100.0,1.0
cfa4bcffa7a4,transition,2026,228306452457380,1000,8,10,0.3,2.0,1.0,0.5,100.0,1.0
6481d2781030,transition,2026,110508744642608,1000,8,10,0.3,4.0,1.0,0.5,100.0,1.0
c69096d07c20,transition,2026,218324307835936,1000,8,20,0.3,0.5,1.0,0.5,100.0,1.0
13afe3bcd5a8,transition,2026,21646161008040,1000,8,20,0.3,1.0,1.0,0.5,100.0,1.0
128b665bbe4a,transition,2026,20389927042634,1000,8,20,0.3,2.0,1.0,0.5,100.0,1.0
c527714e6b65,transition,2026,216773195361125,1000,8,20,0.3,4.0,1.0,0.5,100.0,1.0
94245584f30e,transition,2026,162883774509838,1000,8,50,0.3,0.5,1.0,0.5,100.0,1.0
6242cfea5165,transition,2026,108039095603557,1000,8,50,0.3,1.0,1.0,0.5,100.0,1.0
6872f8333bf1,transition,2026,114842999667697,1000,8,50,0.3,2.0,1.0,0.5,100.0,1.0
328f0f74d715,transition,2026,55590021027605,1000,8,50,0.3,4.0,1.0,0.5,100.0,1.0
7898c7df588a,transition,2026,132597583665290,1000,8,100,0.3,0.5,1.0,0.5,100.0,1.0
b929a1a60226,transition,2026,203588456808998,1000,8,100,0.3,1.0,1.0,0.5,100.0,1.0
781deeac5c33,transition,2026,132069953657907,1000,8,100,0.3,2.0,1.0,0.5,100.0,1.0
2e11db038598,transition,2026,50654223762840,1000,8,100,0.3,4.0,1.0,0.5,100.0,1.0
d86edddcd6be,transition,2026,237970680239806,1000,8,200,0.3,0.5,1.0,0.5,100.0,1.0
2e4efa3bc84a,transition,2026,50916740548682,1000,8,200,0.3,1.0,1.0,0.5,100.0,1.0
f5194992934c,transition,2026,269488957330252,1000,8,200,0.3,2.0,1.0,0.5,100.0,1.0
adb209474f85,transition,2026,190980171452293,1000,8,200,0.3,4.0,1.0,0.5,100.0,1.0
ea5bcdc4cfef,transition,2026,257680015151087,1000,10,10,0.3,0.5,1.0,0.5,100.0,1.0
81df8cdb94b6,transition,2026,142797140890806,1000,10,10,0.3,1.0,1.0,0.5,100.0,1.0
772ee61a4d00,transition,2026,131043312684288,1000,10,10,0.3,2.0,1.0,0.5,100.0,1.0
72ac38495e33,transition,2026,126084004273715,1000,10,10,0.3,4.0,1.0,0.5,100.0,1.0
8a4375c7ea97,transition,2026,152022343477911,1000,10,20,0.3,0.5,1.0,0.5,100.0,1.0
44f89427cbcf,transition,2026,75834428214223,1000,10,20,0.3,1.0,1.0,0.5,100.0,1.0
a89b6911e627,transition,2026,185385436177959,1000,10,20,0.3,2.0,1.0,0.5,100.0,1.0
5ca824594bb8,transition,2026,101877234092984,1000,10,20,0.3,4.0,1.0,0.5,100.0,1.0
dd68789bb019,transition,2026,243440769806361,1000,10,50,0.3,0.5,1.0,0.5,100.0,1.0
8f24b5921b17,transition,2026,157387827845911,1000,10,50,0.3,1.0,1.0,0.5,100.0,1.0
ed72d96421f8,transition,2026,261077529272824,1000,10,50,0.3,2.0,1.0,0.5,100.0,1.0
15d1cf2e5f2c,transition,2026,23990868270892,1000,10,50,0.3,4.0,1.0,0.5,100.0,1.0
b3e30766a870,transition,2026,197787663116400,1000,10,100,0.3,0.5,1.0,0.5,100.0,1.0
c3b437871972,transition,2026,215178793130354,1000,10,100,0.3,1.0,1.0,0.5,100.0,1.0
c20f24cb654d,transition,2026,213370297607501,1000,10,100,0.3,2.0,1.0,0.5,100.0,1.0
340c69dc3c0c,transition,2026,57227920292876,1000,10,100,0.3,4.0,1.0,0.5,100.0,1.0
ddb5e5232688,transition,2026,243773303105160,1000,10,200,0.3,0.5,1.0,0.5,100.0,1.0
2198128ec08f,transition,2026,36937030090895,1000,10,200,0.3,1.0,1.0,0.5,100.0,1.0
d8cbca145d10,transition,2026,238369780292880,1000,10,200,0.3,2.0,1.0,0.5,100.0,1.0
f56f64af5e1e,transition,2026,269858779389470,1000,10,200,0.3,4.0,1.0,0.5,100.0,1.0
7a6d2e3103de,transition,2026,134609344988126,1000,3,10,0.6,0.5,1.0,0.5,100.0,1.0
692d1b8546ab,transition,2026,115642456164011,1000,3,10,0.6,1.0,1.0,0.5,100.0,1.0
429249aaa962,transition,2026,73196068579682,1000,3,10,0.6,2.0,1.0,0.5,100.0,1.0
0f174f7924d3,transition,2026,16592792003795,1000,3,10,0.6,4.0,1.0,0.5,100.0,1.0
717ed5a6aa68,transition,2026,124789564287592,1000,3,20,0.6,0.5,1.0,0.5,100.0,1.0
22cc5d88c82d,transition,2026,38261137917997,1000,3,20,0.6,1.0,1.0,0.5,100.0,1.0
8c0114e9b732,transition,2026,153936273717042,1000,3,20,0.6,2.0,1.0,0.5,100.0,1.0
a200a4a5be63,transition,2026,178123646025315,1000,3,20,0.6,4.0,1.0,0.5,100.0,1.0
00fc88e9450e,transition,2026,1084628747534,1000,3,50,0.6,0.5,1.0,0.5,100.0,1.0
03bd46903d63,transition,2026,4111467560291,1000,3,50,0.6,1.0,1.0,0.5,100.0,1.0
a1c7f7b32435,transition,2026,177880226276405,1000,3,50,0.6,2.0,1.0,0.5,100.0,1.0
8899fb359043,transition,2026,150194925965379,1000,3,50,0.6,4.0,1.0,0.5,100.0,1.0
8e790f991342,transition,2026,156650603877186,1000,3,100,0.6,0.5,1.0,0.5,100.0,1.0
819c2ae80574,transition,2026,142507734730100,1000,3,100,0.6,1.0,1.0,0.5,100.0,1.0
aabd65789bf0,transition,2026,187730427943920,1000,3,100,0.6,2.0,1.0,0.5,100.0,1.0
427467957c5f,transition,2026,73067721489503,1000,3,100,0.6,4.0,1.0,0.5,100.0,1.0
bbc99d757381,transition,2026,206474604540801,1000,3,200,0.6,0.5,1.0,0.5,100.0,1.0
f7ea60de0858,transition,2026,272586019571800,1000,3,200,0.6,1.0,1.0,0.5,100.0,1.0
a3f5ee167ab9,transition,2026,180276656765625,1000,3,200,0.6,2.0,1.0,0.5,100.0,1.0
aec83c2bac22,transition,2026,192175026187298,1000,3,200,0.6,4.0,1.0,0.5,100.0,1.0
8e87c71db245,transition,2026,156713812341317,1000,5,10,0.6,0.5,1.0,0.5,100.0,1.0
07a72f143046,transition,2026,8414630785094,1000,5,10,0.6,1.0,1.0,0.5,100.0,1.0
366e8dd2d662,transition,2026,59848453707362,1000,5,10,0.6,2.0,1.0,0.5,100.0,1.0
aabb18945cbd,transition,2026,187720547982525,1000,5,10,0.6,4.0,1.0,0.5,100.0,1.0
6a1143c08695,transition,2026,116622383679125,1000,5,20,0.6,0.5,1.0,0.5,100.0,1.0
0ba73bc606a9,transition,2026,12812890277545,1000,5,20,0.6,1.0,1.0,0.5,100.0,1.0
e8b5e6a0bd19,transition,2026,255867956018457,1000,5,20,0.6,2.0,1.0,0.5,100.0,1.0
901f2bcfad39,transition,2026,158463553416505,1000,5,20,0.6,4.0,1.0,0.5,100.0,1.0
995f2f621503,transition,2026,168634095899907,1000,5,50,0.6,0.5,1.0,0.5,100.0,1.0
8ab916d31eb0,transition,2026,152527556517552,1000,5,50,0.6,1.0,1.0,0.5,100.0,1.0
a976c1400896,transition,2026,186327513434262,1000,5,50,0.6,2.0,1.0,0.5,100.0,1.0
c41720e42753,transition,2026,215603615115091,1000,5,50,0.6,4.0,1.0,0.5,100.0,1.0
f4724940b9c3,transition,2026,268771692427715,1000,5,100,0.6,0.5,1.0,0.5,100.0,1.0
1b621dfe1abe,transition,2026,30108223937214,1000,5,100,0.6,1.0,1.0,0.5,100.0,1.0
82c1c315751d,transition,2026,143768713262365,1000,5,100,0.6,2.0,1.0,0.5,100.0,1.0
8dd6039e9240,transition,2026,155950323241536,1000,5,100,0.6,4.0,1.0,0.5,100.0,1.0
8b09040bf456,transition,2026,152870838858838,1000,5,200,0.6,0.5,1.0,0.5,100.0,1.0
216c00a21f95,transition,2026,36747750809493,1000,5,200,0.6,1.0,1.0,0.5,100.0,1.0
58ffaaf8ab75,transition,2026,97855108328309,1000,5,200,0.6,2.0,1.0,0.5,100.0,1.0
6d947bf8b082,transition,2026,120484502483074,1000,5,200,0.6,4.0,1.0,0.5,100.0,1.0
d6fb56ddc094,transition,2026,236374982508692,1000,8,10,0.6,0.5,1.0,0.5,100.0,1.0
0b49fb1c646f,transition,2026,12412373460079,1000,8,10,0.6,1.0,1.0,0.5,100.0,1.0
213c1ccf13fe,transition,2026,36542065087486,1000,8,10,0.6,2.0,1.0,0.5,100.0,1.0
f014475b6c2c,transition,2026,263969887185964,1000,8,10,0.6,4.0,1.0,0.5,100.0,1.0
ba7acf1f5cc2,transition,2026,205036623715522,1000,8,20,0.6,0.5,1.0,0.5,100.0,1.0
80543280ac07,transition,2026,141099112901639,1000,8,20,0.6,1.0,1.0,0.5,100.0,1.0
5fbc11f7f8a7,transition,2026,105261359954087,1000,8,20,0.6,2.0,1.0,0.5,100.0,1.0
304358e1b0bf,transition,2026,53065812127935,1000,8,20,0.6,4.0,1.0,0.5,100.0,1.0
b6d4a08e0e00,transition,2026,201024342986240,1000,8,50,0.6,0.5,1.0,0.5,100.0,1.0
1cda40aacaa2,transition,2026,31723713383074,1000,8,50,0.6,1.0,1.0,0.5,100.0,1.0
1ed121c138da,transition,2026,33883563309274,1000,8,50,0.6,2.0,1.0,0.5,100.0,1.0
a0a8adb0e6c5,transition,2026,176646329001669,1000,8,50,0.6,4.0,1.0,0.5,100.0,1.0
27981592c660,transition,2026,43534150452832,1000,8,100,0.6,0.5,1.0,0.5,100.0,1.0
95e75aa54494,transition,2026,164820890764436,1000,8,100,0.6,1.0,1.0,0.5,100.0,1.0
5d7bd2b3bb7f,transition,2026,102786397354879,1000,8,100,0.6,2.0,1.0,0.5,100.0,1.0
348ad0b58670,transition,2026,57770811688560,1000,8,100,0.6,4.0,1.0,0.5,100.0,1.0
53ac87f919c3,transition,2026,92000480729539,1000,8,200,0.6,0.5,1.0,0.5,100.0,1.0
6b6a40066362,transition,2026,118104084865890,1000,8,200,0.6,1.0,1.0,0.5,100.0,1.0
7ca56b0fcb06,transition,2026,137049907645190,1000,8,200,0.6,2.0,1.0,0.5,100.0,1.0
10f162925071,transition,2026,18628926918769,1000,8,200,0.6,4.0,1.0,0.5,100.0,1.0
d717ae8e7882,transition,2026,236496712792194,1000,10,10,0.6,0.5,1.0,0.5,100.0,1.0
9bc6768279c7,transition,2026,171276694092231,1000,10,10,0.6,1.0,1.0,0.5,100.0,1.0
d731a56ef7a0,transition,2026,236608228882336,1000,10,10,0.6,2.0,1.0,0.5,100.0,1.0
01db206a77a3,transition,2026,2040653313955,1000,10,10,0.6,4.0,1.0,0.5,100.0,1.0
6d6a81fb687e,transition,2026,120304214698110,1000,10,20,0.6,0.5,1.0,0.5,100.0,1.0
8fab33f1554e,transition,2026,157965473633614,1000,10,20,0.6,1.0,1.0,0.5,100.0,1.0
edc0bd38d39a,transition,2026,261412064121754,1000,10,20,0.6,2.0,1.0,0.5,100.0,1.0
db543c96202c,transition,2026,241154840207404,1000,10,20,0.6,4.0,1.0,0.5,100.0,1.0
26f9dcbe25b2,transition,2026,42854592161202,1000,10,50,0.6,0.5,1.0,0.5,100.0,1.0
a5788fea1ea6,transition,2026,181937229143718,1000,10,50,0.6,1.0,1.0,0.5,100.0,1.0
00b00ff23625,transition,2026,756181775909,1000,10,50,0.6,2.0,1.0,0.5,100.0,1.0
dbc43f2862af,transition,2026,241635919684271,1000,10,50,0.6,4.0,1.0,0.5,100.0,1.0
2bf6040a608a,transition,2026,48335629738122,1000,10,100,0.6,0.5,1.0,0.5,100.0,1.0
bc02077ba77d,transition,2026,206716901500797,1000,10,100,0.6,1.0,1.0,0.5,100.0,1.0
4d920540feb2,transition,2026,85289548709554,1000,10,100,0.6,2.0,1.0,0.5,100.0,1.0
4e2dba47a9de,transition,2026,85958305753566,1000,10,100,0.6,4.0,1.0,0.5,100.0,1.0
36a6fea8a5ad,transition,2026,60090864936365,1000,10,200,0.6,0.5,1.0,0.5,100.0,1.0
4b9c4ed30759,transition,2026,83134709434201,1000,10,200,0.6,1.0,1.0,0.5,100.0,1.0
3d45a69e6a2d,transition,2026,67369357437485,1000,10,200,0.6,2.0,1.0,0.5,100.0,1.0
8a476d93a304,transition,2026,152039385703172,1000,10,200,0.6,4.0,1.0,0.5,100.0,1.0
f62eae1f96db,transition,2026,270680350234331,1000,3,10,0.9,0.5,1.0,0.5,100.0,1.0
b528a9eef733,transition,2026,199186254329651,1000,3,10,0.9,1.0,1.0,0.5,100.0,1.0
b2ed0ec89e28,transition,2026,196731225021992,1000,3,10,0.9,2.0,1.0,0.5,100.0,1.0
c13276fbcff4,transition,2026,212422488739828,1000,3,10,0.9,4.0,1.0,0.5,100.0,1.0
53cb14e2892f,transition,2026,92131693857071,1000,3,20,0.9,0.5,1.0,0.5,100.0,1.0
73ed0c3bf78b,transition,2026,127461949699979,1000,3,20,0.9,1.0,1.0,0.5,100.0,1.0
fb130d0dc8fd,transition,2026,276059241957629,1000,3,20,0.9,2.0,1.0,0.5,100.0,1.0
0f3636c9598c,transition,2026,16725521815948,1000,3,20,0.9,4.0,1.0,0.5,100.0,1.0
a6ddbb326e8b,transition,2026,183471258627723,1000,3,50,0.9,0.5,1.0,0.5,100.0,1.0
795632d9c0ca,transition,2026,133411127279818,1000,3,50,0.9,1.0,1.0,0.5,100.0,1.0
deea78390970,transition,2026,245098620717424,1000,3,50,0.9,2.0,1.0,0.5,100.0,1.0
c4c593c18f3a,transition,2026,216352866537274,1000,3,50,0.9,4.0,1.0,0.5,100.0,1.0
12a9ee073893,transition,2026,20521052223635,1000,3,100,0.9,0.5,1.0,0.5,100.0,1.0
1400748b6e41,transition,2026,21992187850305,1000,3,100,0.9,1.0,1.0,0.5,100.0,1.0
d6e3761ca07e,transition,2026,236272427507838,1000,3,100,0.9,2.0,1.0,0.5,100.0,1.0
d4ad8991a72b,transition,2026,233841802454827,1000,3,100,0.9,4.0,1.0,0.5,100.0,1.0
eb4ea9f7ef86,transition,2026,258723091574662,1000,3,200,0.9,0.5,1.0,0.5,100.0,1.0
4edc1ccc1a8d,transition,2026,86707282909837,1000,3,200,0.9,1.0,1.0,0.5,100.0,1.0
b342ed70b6f0,transition,2026,197100032800496,1000,3,200,0.9,2.0,1.0,0.5,100.0,1.0
f5a64fce71b5,transition,2026,270094652305845,1000,3,200,0.9,4.0,1.0,0.5,100.0,1.0
631f88adad7f,transition,2026,108987088219519,1000,5,10,0.9,0.5,1.0,0.5,100.0,1.0
a7a29ae52b37,transition,2026,184316825250615,1000,5,10,0.9,1.0,1.0,0.5,100.0,1.0
e86a7afd218e,transition,2026,255544027586958,1000,5,10,0.9,2.0,1.0,0.5,100.0,1.0
a2dba7d4c0c9,transition,2026,179064297275593,1000,5,10,0.9,4.0,1.0,0.5,100.0,1.0
e97b21189c09,transition,2026,256715045510153,1000,5,20,0.9,0.5,1.0,0.5,100.0,1.0
4a9142712012,transition,2026,81987745423378,1000,5,20,0.9,1.0,1.0,0.5,100.0,1.0
fb4c2872d3c7,transition,2026,276304514700231,1000,5,20,0.9,2.0,1.0,0.5,100.0,1.0
6e36b40ef688,transition,2026,121181228168840,1000,5,20,0.9,4.0,1.0,0.5,100.0,1.0
2362dbfa1dc7,transition,2026,38907504369095,1000,5,50,0.9,0.5,1.0,0.5,100.0,1.0
ef9886ca4d51,transition,2026,263438375472465,1000,5,50,0.9,1.0,1.0,0.5,100.0,1.0
5750408c4579,transition,2026,96002191934841,1000,5,50,0.9,2.0,1.0,0.5,100.0,1.0
3421536b5c32,transition,2026,57317738110002,1000,5,50,0.9,4.0,1.0,0.5,100.0,1.0
c3c5657adb0e,transition,2026,215252578523918,1000,5,100,0.9,0.5,1.0,0.5,100.0,1.0
59075b993a90,transition,2026,97888136411792,1000,5,100,0.9,1.0,1.0,0.5,100.0,1.0
dc20c7a2a147,transition,2026,242033346388295,1000,5,100,0.9,2.0,1.0,0.5,100.0,1.0
08dae403f5d2,transition,2026,9736221357522,1000,5,100,0.9,4.0,1.0,0.5,100.0,1.0
f112bbb86b48,transition,2026,265062761130824,1000,5,200,0.9,0.5,1.0,0.5,100.0,1.0
d36c47e83d21,transition,2026,232462016331041,1000,5,200,0.9,1.0,1.0,0.5,100.0,1.0
ab28d83025d1,transition,2026,188191914075601,1000,5,200,0.9,2.0,1.0,0.5,100.0,1.0
ab3fc6097925,transition,2026,188290393798949,1000,5,200,0.9,4.0,1.0,0.5,100.0,1.0
f80ed5dc94a5,transition,2026,272742601233573,1000,8,10,0.9,0.5,1.0,0.5,100.0,1.0
1c6153683410,transition,2026,31204336743440,1000,8,10,0.9,1.0,1.0,0.5,100.0,1.0
0c365586f06d,transition,2026,13427502674029,1000,8,10,0.9,2.0,1.0,0.5,100.0,1.0
db6fee1e8898,transition,2026,241273782831256,1000,8,10,0.9,4.0,1.0,0.5,100.0,1.0
899e3c23d748,transition,2026,151312706819912,1000,8,20,0.9,0.5,1.0,0.5,100.0,1.0
edb9698b4ec0,transition,2026,261380595470016,1000,8,20,0.9,1.0,1.0,0.5,100.0,1.0
92a2daeb7def,transition,2026,161228155223535,1000,8,20,0.9,2.0,1.0,0.5,100.0,1.0
2cc142a29224,transition,2026,49208558260772,1000,8,20,0.9,4.0,1.0,0.5,100.0,1.0
b22596f8afe9,transition,2026,195874516414441,1000,8,50,0.9,0.5,1.0,0.5,100.0,1.0
9681c51e576f,transition,2026,165484102047599,1000,8,50,0.9,1.0,1.0,0.5,100.0,1.0
45222ed30548,transition,2026,76013116785992,1000,8,50,0.9,2.0,1.0,0.5,100.0,1.0
58e9972bc087,transition,2026,97760286851207,1000,8,50,0.9,4.0,1.0,0.5,100.0,1.0
239fb70b8450,transition,2026,39168877757520,1000,8,100,0.9,0.5,1.0,0.5,100.0,1.0
1fdf7fff25a8,transition,2026,35044785595816,1000,8,100,0.9,1.0,1.0,0.5,100.0,1.0
925fb0975d16,transition,2026,160939682258198,1000,8,100,0.9,2.0,1.0,0.5,100.0,1.0
b423c5cec101,transition,2026,198065735516417,1000,8,100,0.9,4.0,1.0,0.5,100.0,1.0
979038ba281a,transition,2026,166645682808858,1000,8,200,0.9,0.5,1.0,0.5,100.0,1.0
7625f81df61d,transition,2026,129905448580637,1000,8,200,0.9,1.0,1.0,0.5,100.0,1.0
65963caa3ead,transition,2026,111695937289901,1000,8,200,0.9,2.0,1.0,0.5,100.0,1.0
cb7543bcd8ef,transition,2026,223704508061935,1000,8,200,0.9,4.0,1.0,0.5,100.0,1.0
6c00092367c7,transition,2026,118747409115079,1000,10,10,0.9,0.5,1.0,0.5,100.0,1.0
28651d688169,transition,2026,44414750196073,1000,10,10,0.9,1.0,1.0,0.5,100.0,1.0
72d9cfa1d5d6,transition,2026,126279816959446,1000,10,10,0.9,2.0,1.0,0.5,100.0,1.0
af4b0d538792,transition,2026,192736880986002,1000,10,10,0.9,4.0,1.0,0.5,100.0,1.0
d56323183449,transition,2026,234621767267401,1000,10,20,0.9,0.5,1.0,0.5,100.0,1.0
014ae228f77f,transition,2026,1421133543295,1000,10,20,0.9,1.0,1.0,0.5,100.0,1.0
ee5a51c3df15,transition,2026,262071686258453,1000,10,20,0.9,2.0,1.0,0.5,100.0,1.0
db569cc28ba0,transition,2026,241165043665824,1000,10,20,0.9,4.0,1.0,0.5,100.0,1.0
8a2821efd009,transition,2026,151904972689417,1000,10,50,0.9,0.5,1.0,0.5,100.0,1.0
c0d959a84f67,transition,2026,212039744638823,1000,10,50,0.9,1.0,1.0,0.5,100.0,1.0
70a672e133d7,transition,2026,123860194243543,1000,10,50,0.9,2.0,1.0,0.5,100.0,1.0
8bdf32450620,transition,2026,153790737352224,1000,10,50,0.9,4.0,1.0,0.5,100.0,1.0
3cc2cf258502,transition,2026,66807396664578,1000,10,100,0.9,0.5,1.0,0.5,100.0,1.0
54ac82c1c5fe,transition,2026,93099904845310,1000,10,100,0.9,1.0,1.0,0.5,100.0,1.0
d502769280ce,transition,2026,234206555963598,1000,10,100,0.9,2.0,1.0,0.5,100.0,1.0
dcc2ffe5fdec,transition,2026,242730075028972,1000,10,100,0.9,4.0,1.0,0.5,100.0,1.0
02d7122ae4f6,transition,2026,3122746025206,1000,10,200,0.9,0.5,1.0,0.5,100.0,1.0
ada01707e970,transition,2026,190903092767088,1000,10,200,0.9,1.0,1.0,0.5,100.0,1.0
5e6178907374,transition,2026,103772727571316,1000,10,200,0.9,2.0,1.0,0.5,100.0,1.0
19ae0e6b64fd,transition,2026,28235356923133,1000,10,200,0.9,4.0,1.0,0.5,100.0,1.0
