regime,influence,lambda,n_seeds,mean_tail_abs_error,std_tail_abs_error,mean_tail_action_gap,std_tail_action_gap,mean_tail_effort,std_tail_effort,mean_tail_sigma_p,std_tail_sigma_p,mean_tail_sigma_p_eff,std_tail_sigma_p_eff,mean_tail_sigma_a,std_tail_sigma_a,mean_tail_sigma_phi,std_tail_sigma_phi,mean_tail_tci,std_tail_tci,mean_tail_tcie,std_tail_tcie,mean_masking_gap
coercive,0.1,0.5,8,0.489,0.107,0.543,0.119,0.054,0.012,0.872,0.039,0.851,0.043,1.0,0.0,1.0,0.0,0.872,0.039,0.851,0.043,0.021
coercive,0.1,1.0,8,0.489,0.107,0.543,0.119,0.054,0.012,0.872,0.039,0.831,0.046,1.0,0.0,1.0,0.0,0.872,0.039,0.831,0.046,0.041
coercive,0.1,2.0,8,0.489,0.107,0.543,0.119,0.054,0.012,0.872,0.039,0.793,0.052,1.0,0.0,1.0,0.0,0.872,0.039,0.793,0.052,0.079
coercive,0.1,3.0,8,0.489,0.107,0.543,0.119,0.054,0.012,0.872,0.039,0.757,0.057,1.0,0.0,1.0,0.0,0.872,0.039,0.757,0.057,0.115
coercive,0.1,4.0,8,0.489,0.107,0.543,0.119,0.054,0.012,0.872,0.039,0.724,0.062,1.0,0.0,1.0,0.0,0.872,0.039,0.724,0.062,0.148
coercive,0.2,0.5,8,0.362,0.071,0.452,0.088,0.09,0.018,0.92,0.023,0.883,0.029,1.0,0.0,1.0,0.0,0.92,0.023,0.883,0.029,0.037
coercive,0.2,1.0,8,0.362,0.071,0.452,0.088,0.09,0.018,0.92,0.023,0.847,0.035,1.0,0.0,1.0,0.0,0.92,0.023,0.847,0.035,0.073
coercive,0.2,2.0,8,0.362,0.071,0.452,0.088,0.09,0.018,0.92,0.023,0.783,0.044,1.0,0.0,1.0,0.0,0.92,0.023,0.783,0.044,0.137
coercive,0.2,3.0,8,0.362,0.071,0.452,0.088,0.09,0.018,0.92,0.023,0.726,0.052,1.0,0.0,1.0,0.0,0.92,0.023,0.726,0.052,0.194
coercive,0.2,4.0,8,0.362,0.071,0.452,0.088,0.09,0.018,0.92,0.023,0.675,0.058,1.0,0.0,1.0,0.0,0.92,0.023,0.675,0.058,0.245
coercive,0.3,0.5,8,0.276,0.046,0.394,0.066,0.118,0.02,0.949,0.012,0.898,0.02,1.0,0.0,1.0,0.0,0.949,0.012,0.898,0.02,0.051
coercive,0.3,1.0,8,0.276,0.046,0.394,0.066,0.118,0.02,0.949,0.012,0.851,0.027,1.0,0.0,1.0,0.0,0.949,0.012,0.851,0.027,0.098
coercive,0.3,2.0,8,0.276,0.046,0.394,0.066,0.118,0.02,0.949,0.012,0.768,0.038,1.0,0.0,1.0,0.0,0.949,0.012,0.768,0.038,0.181
coercive,0.3,3.0,8,0.276,0.046,0.394,0.066,0.118,0.02,0.949,0.012,0.697,0.046,1.0,0.0,1.0,0.0,0.949,0.012,0.697,0.046,0.252
coercive,0.3,4.0,8,0.276,0.046,0.394,0.066,0.118,0.02,0.949,0.012,0.636,0.053,1.0,0.0,1.0,0.0,0.949,0.012,0.636,0.053,0.313
coercive,0.5,0.5,8,0.166,0.02,0.332,0.04,0.166,0.02,0.98,0.004,0.905,0.012,1.0,0.0,1.0,0.0,0.98,0.004,0.905,0.012,0.075
coercive,0.5,1.0,8,0.166,0.02,0.332,0.04,0.166,0.02,0.98,0.004,0.838,0.019,1.0,0.0,1.0,0.0,0.98,0.004,0.838,0.019,0.142
coercive,0.5,2.0,8,0.166,0.02,0.332,0.04,0.166,0.02,0.98,0.004,0.727,0.03,1.0,0.0,1.0,0.0,0.98,0.004,0.727,0.03,0.253
coercive,0.5,3.0,8,0.166,0.02,0.332,0.04,0.166,0.02,0.98,0.004,0.637,0.038,1.0,0.0,1.0,0.0,0.98,0.004,0.637,0.038,0.343
coercive,0.5,4.0,8,0.166,0.02,0.332,0.04,0.166,0.02,0.98,0.004,0.564,0.043,1.0,0.0,1.0,0.0,0.98,0.004,0.564,0.043,0.416
coercive,0.7,0.5,8,0.092,0.008,0.306,0.028,0.214,0.02,0.994,0.001,0.896,0.009,1.0,0.0,1.0,0.0,0.994,0.001,0.896,0.009,0.098
coercive,0.7,1.0,8,0.092,0.008,0.306,0.028,0.214,0.02,0.994,0.001,0.812,0.016,1.0,0.0,1.0,0.0,0.994,0.001,0.812,0.016,0.182
coercive,0.7,2.0,8,0.092,0.008,0.306,0.028,0.214,0.02,0.994,0.001,0.678,0.026,1.0,0.0,1.0,0.0,0.994,0.001,0.678,0.026,0.316
coercive,0.7,3.0,8,0.092,0.008,0.306,0.028,0.214,0.02,0.994,0.001,0.576,0.032,1.0,0.0,1.0,0.0,0.994,0.001,0.576,0.032,0.418
coercive,0.7,4.0,8,0.092,0.008,0.306,0.028,0.214,0.02,0.994,0.001,0.498,0.035,1.0,0.0,1.0,0.0,0.994,0.001,0.498,0.035,0.496
coercive,0.9,0.5,8,0.03,0.002,0.296,0.024,0.266,0.021,0.999,0.0,0.879,0.009,1.0,0.0,1.0,0.0,0.999,0.0,0.879,0.009,0.12
coercive,0.9,1.0,8,0.03,0.002,0.296,0.024,0.266,0.021,0.999,0.0,0.779,0.016,1.0,0.0,1.0,0.0,0.999,0.0,0.779,0.016,0.22
coercive,0.9,2.0,8,0.03,0.002,0.296,0.024,0.266,0.021,0.999,0.0,0.627,0.024,1.0,0.0,1.0,0.0,0.999,0.0,0.627,0.024,0.372
coercive,0.9,3.0,8,0.03,0.002,0.296,0.024,0.266,0.021,0.999,0.0,0.518,0.029,1.0,0.0,1.0,0.0,0.999,0.0,0.518,0.029,0.481
coercive,0.9,4.0,8,0.03,0.002,0.296,0.024,0.266,0.021,0.999,0.0,0.437,0.031,1.0,0.0,1.0,0.0,0.999,0.0,0.437,0.031,0.562
passive,0.1,0.5,8,0.686,0.158,0.686,0.158,0.0,0.0,0.795,0.062,0.795,0.062,1.0,0.0,1.0,0.0,0.795,0.062,0.795,0.062,0.0
passive,0.1,1.0,8,0.686,0.158,0.686,0.158,0.0,0.0,0.795,0.062,0.795,0.062,1.0,0.0,1.0,0.0,0.795,0.062,0.795,0.062,0.0
passive,0.1,2.0,8,0.686,0.158,0.686,0.158,0.0,0.0,0.795,0.062,0.795,0.062,1.0,0.0,1.0,0.0,0.795,0.062,0.795,0.062,0.0
passive,0.1,3.0,8,0.686,0.158,0.686,0.158,0.0,0.0,0.795,0.062,0.795,0.062,1.0,0.0,1.0,0.0,0.795,0.062,0.795,0.062,0.0
passive,0.1,4.0,8,0.686,0.158,0.686,0.158,0.0,0.0,0.795,0.062,0.795,0.062,1.0,0.0,1.0,0.0,0.795,0.062,0.795,0.062,0.0
passive,0.2,0.5,8,0.686,0.158,0.686,0.158,0.0,0.0,0.795,0.062,0.795,0.062,1.0,0.0,1.0,0.0,0.795,0.062,0.795,0.062,0.0
passive,0.2,1.0,8,0.686,0.158,0.686,0.158,0.0,0.0,0.795,0.062,0.795,0.062,1.0,0.0,1.0,0.0,0.795,0.062,0.795,0.062,0.0
passive,0.2,2.0,8,0.686,0.158,0.686,0.158,0.0,0.0,0.795,0.062,0.795,0.062,1.0,0.0,1.0,0.0,0.795,0.062,0.795,0.062,0.0
passive,0.2,3.0,8,0.686,0.158,0.686,0.158,0.0,0.0,0.795,0.062,0.795,0.062,1.0,0.0,1.0,0.0,0.795,0.062,0.795,0.062,0.0
passive,0.2,4.0,8,0.686,0.158,0.686,0.158,0.0,0.0,0.795,0.062,0.795,0.062,1.0,0.0,1.0,0.0,0.795,0.062,0.795,0.062,0.0
passive,0.3,0.5,8,0.686,0.158,0.686,0.158,0.0,0.0,0.795,0.062,0.795,0.062,1.0,0.0,1.0,0.0,0.795,0.062,0.795,0.062,0.0
passive,0.3,1.0,8,0.686,0.158,0.686,0.158,0.0,0.0,0.795,0.062,0.795,0.062,1.0,0.0,1.0,0.0,0.795,0.062,0.795,0.062,0.0
passive,0.3,2.0,8,0.686,0.158,0.686,0.158,0.0,0.0,0.795,0.062,0.795,0.062,1.0,0.0,1.0,0.0,0.795,0.062,0.795,0.062,0.0
passive,0.3,3.0,8,0.686,0.158,0.686,0.158,0.0,0.0,0.795,0.062,0.795,0.062,1.0,0.0,1.0,0.0,0.795,0.062,0.795,0.062,0.0
passive,0.3,4.0,8,0.686,0.158,0.686,0.158,0.0,0.0,0.795,0.062,0.795,0.062,1.0,0.0,1.0,0.0,0.795,0.062,0.795,0.062,0.0
passive,0.5,0.5,8,0.686,0.158,0.686,0.158,0.0,0.0,0.795,0.062,0.795,0.062,1.0,0.0,1.0,0.0,0.795,0.062,0.795,0.062,0.0
passive,0.5,1.0,8,0.686,0.158,0.686,0.158,0.0,0.0,0.795,0.062,0.795,0.062,1.0,0.0,1.0,0.0,0.795,0.062,0.795,0.062,0.0
passive,0.5,2.0,8,0.686,0.158,0.686,0.158,0.0,0.0,0.795,0.062,0.795,0.062,1.0,0.0,1.0,0.0,0.795,0.062,0.795,0.062,0.0
passive,0.5,3.0,8,0.686,0.158,0.686,0.158,0.0,0.0,0.795,0.062,0.795,0.062,1.0,0.0,1.0,0.0,0.795,0.062,0.795,0.062,0.0
passive,0.5,4.0,8,0.686,0.158,0.686,0.158,0.0,0.0,0.795,0.062,0.795,0.062,1.0,0.0,1.0,0.0,0.795,0.062,0.795,0.062,0.0
passive,0.7,0.5,8,0.686,0.158,0.686,0.158,0.0,0.0,0.795,0.062,0.795,0.062,1.0,0.0,1.0,0.0,0.795,0.062,0.795,0.062,0.0
passive,0.7,1.0,8,0.686,0.158,0.686,0.158,0.0,0.0,0.795,0.062,0.795,0.062,1.0,0.0,1.0,0.0,0.795,0.062,0.795,0.062,0.0
passive,0.7,2.0,8,0.686,0.158,0.686,0.158,0.0,0.0,0.795,0.062,0.795,0.062,1.0,0.0,1.0,0.0,0.795,0.062,0.795,0.062,0.0
passive,0.7,3.0,8,0.686,0.158,0.686,0.158,0.0,0.0,0.795,0.062,0.795,0.062,1.0,0.0,1.0,0.0,0.795,0.062,0.795,0.062,0.0
passive,0.7,4.0,8,0.686,0.158,0.686,0.158,0.0,0.0,0.795,0.062,0.795,0.062,1.0,0.0,1.0,0.0,0.795,0.062,0.795,0.062,0.0
passive,0.9,0.5,8,0.686,0.158,0.686,0.158,0.0,0.0,0.795,0.062,0.795,0.062,1.0,0.0,1.0,0.0,0.795,0.062,0.795,0.062,0.0
passive,0.9,1.0,8,0.686,0.158,0.686,0.158,0.0,0.0,0.795,0.062,0.795,0.062,1.0,0.0,1.0,0.0,0.795,0.062,0.795,0.062,0.0
passive,0.9,2.0,8,0.686,0.158,0.686,0.158,0.0,0.0,0.795,0.062,0.795,0.062,1.0,0.0,1.0,0.0,0.795,0.062,0.795,0.062,0.0
passive,0.9,3.0,8,0.686,0.158,0.686,0.158,0.0,0.0,0.795,0.062,0.795,0.062,1.0,0.0,1.0,0.0,0.795,0.062,0.795,0.062,0.0
passive,0.9,4.0,8,0.686,0.158,0.686,0.158,0.0,0.0,0.795,0.062,0.795,0.062,1.0,0.0,1.0,0.0,0.795,0.062,0.795,0.062,0.0
