truth_h,lambda_0,lambda_1,policy,mean_cumulative_validity_loss,mean_cumulative_update_cost,mean_total_cost,mean_regret,mean_lead_time,mean_log_memory_std,mean_tau_valid,mean_tau_detect,mean_delay_gap,mean_masking_index,schedule_mode
0.1,0.0,0.0,oracle,137.7533733207836,0.0,137.7533733207836,0.0,50.0,0.34770612960984426,70.0,20.0,-50.0,0.0,default
0.1,0.0,0.0,controller,159.50148453594383,0.0,159.50148453594383,21.748111215160236,52.666666666666664,0.7061647327538613,70.0,17.333333333333332,-52.666666666666664,0.09396372152955668,default
0.1,0.0,0.0,fixed_policy,146.50545739139858,0.0,146.50545739139858,8.752084070614984,0.0,8.881784197001252e-16,70.0,70.0,0.0,0.0054458095401933755,default
0.1,0.0,0.0,deploy_only,148.05715424206196,0.0,148.05715424206196,10.30378092127838,0.0,0.4656909006518595,70.0,70.0,0.0,0.023508180370628493,default
0.1,0.0,0.0,detector_only,162.2111463978727,0.0,162.2111463978727,24.457773077089115,52.666666666666664,0.6912756292760811,70.0,17.333333333333332,-52.666666666666664,0.14636967302763362,default
0.1,0.0,2.0,oracle,145.48069627587114,7.727322955087538,153.20801923095868,0.0,50.0,0.34770612960984426,70.0,20.0,-50.0,0.0,default
0.1,0.0,2.0,controller,169.5845012115061,10.083016675562261,179.66751788706836,24.103804935634958,52.666666666666664,0.7061647327538613,70.0,17.333333333333332,-52.666666666666664,0.09396372152955668,default
0.1,0.0,2.0,fixed_policy,146.50545739139858,0.0,146.50545739139858,1.0247611155274399,0.0,8.881784197001252e-16,70.0,70.0,0.0,0.0054458095401933755,default
0.1,0.0,2.0,deploy_only,157.4998455538564,9.442691311794418,166.94253686565082,12.019149277985255,0.0,0.4656909006518595,70.0,70.0,0.0,0.023508180370628493,default
0.1,0.0,2.0,detector_only,172.02094943674467,9.809803038871955,181.83075247561663,26.540253160873522,52.666666666666664,0.6912756292760811,70.0,17.333333333333332,-52.666666666666664,0.14636967302763362,default
0.1,0.0,4.0,oracle,153.20801923095868,15.454645910175076,168.66266514113377,0.0,50.0,0.34770612960984426,70.0,20.0,-50.0,0.0,default
0.1,0.0,4.0,controller,179.66751788706836,20.166033351124522,199.83355123819288,26.459498656109663,52.666666666666664,0.7061647327538613,70.0,17.333333333333332,-52.666666666666664,0.09396372152955668,default
0.1,0.0,4.0,fixed_policy,146.50545739139858,0.0,146.50545739139858,-6.702561839560104,0.0,8.881784197001252e-16,70.0,70.0,0.0,0.0054458095401933755,default
0.1,0.0,4.0,deploy_only,166.94253686565082,18.885382623588836,185.82791948923966,13.73451763469213,0.0,0.4656909006518595,70.0,70.0,0.0,0.023508180370628493,default
0.1,0.0,4.0,detector_only,181.8307524756166,19.61960607774391,201.4503585533605,28.622733244657923,52.666666666666664,0.6912756292760811,70.0,17.333333333333332,-52.666666666666664,0.14636967302763362,default
0.1,2.0,0.0,oracle,175.7533733207836,38.0,213.7533733207836,0.0,50.0,0.34770612960984426,70.0,20.0,-50.0,0.0,default
0.1,2.0,0.0,controller,210.83481786927715,51.333333333333336,262.1681512026105,35.08144454849357,52.666666666666664,0.7061647327538613,70.0,17.333333333333332,-52.666666666666664,0.09396372152955668,default
0.1,2.0,0.0,fixed_policy,146.50545739139858,0.0,146.50545739139858,-29.247915929385016,0.0,8.881784197001252e-16,70.0,70.0,0.0,0.0054458095401933755,default
0.1,2.0,0.0,deploy_only,215.39048757539527,67.33333333333333,282.7238209087286,39.63711425461171,0.0,0.4656909006518595,70.0,70.0,0.0,0.023508180370628493,default
0.1,2.0,0.0,detector_only,208.8778130645394,46.666666666666664,255.54447973120605,33.12443974375578,52.666666666666664,0.6912756292760811,70.0,17.333333333333332,-52.666666666666664,0.14636967302763362,default
0.1,2.0,2.0,oracle,183.4806962758711,45.727322955087544,229.20801923095866,0.0,50.0,0.34770612960984426,70.0,20.0,-50.0,0.0,default
0.1,2.0,2.0,controller,220.91783454483945,61.4163500088956,282.33418455373504,37.43713826896829,52.666666666666664,0.7061647327538613,70.0,17.333333333333332,-52.666666666666664,0.09396372152955668,default
0.1,2.0,2.0,fixed_policy,146.50545739139858,0.0,146.50545739139858,-36.97523888447256,0.0,8.881784197001252e-16,70.0,70.0,0.0,0.0054458095401933755,default
0.1,2.0,2.0,deploy_only,224.8331788871897,76.77602464512775,301.60920353231745,41.35248261131858,0.0,0.4656909006518595,70.0,70.0,0.0,0.023508180370628493,default
0.1,2.0,2.0,detector_only,218.68761610341133,56.47646970553862,275.16408580894995,35.20691982754019,52.666666666666664,0.6912756292760811,70.0,17.333333333333332,-52.666666666666664,0.14636967302763362,default
0.1,2.0,4.0,oracle,191.20801923095868,53.45464591017509,244.66266514113377,0.0,50.0,0.34770612960984426,70.0,20.0,-50.0,0.0,default
0.1,2.0,4.0,controller,231.0008512204017,71.49936668445785,302.50021790485954,39.79283198944301,52.666666666666664,0.7061647327538613,70.0,17.333333333333332,-52.666666666666664,0.09396372152955668,default
0.1,2.0,4.0,fixed_policy,146.50545739139858,0.0,146.50545739139858,-44.702561839560104,0.0,8.881784197001252e-16,70.0,70.0,0.0,0.0054458095401933755,default
0.1,2.0,4.0,deploy_only,234.27587019898417,86.21871595692217,320.49458615590635,43.06785096802546,0.0,0.4656909006518595,70.0,70.0,0.0,0.023508180370628493,default
0.1,2.0,4.0,detector_only,228.4974191422833,66.28627274441057,294.7836918866939,37.28939991132461,52.666666666666664,0.6912756292760811,70.0,17.333333333333332,-52.666666666666664,0.14636967302763362,default
0.1,4.0,0.0,oracle,213.7533733207836,76.0,289.75337332078357,0.0,50.0,0.34770612960984426,70.0,20.0,-50.0,0.0,default
0.1,4.0,0.0,controller,262.1681512026105,102.66666666666667,364.8348178692772,48.414777881826915,52.666666666666664,0.7061647327538613,70.0,17.333333333333332,-52.666666666666664,0.09396372152955668,default
0.1,4.0,0.0,fixed_policy,146.50545739139858,0.0,146.50545739139858,-67.24791592938502,0.0,8.881784197001252e-16,70.0,70.0,0.0,0.0054458095401933755,default
0.1,4.0,0.0,deploy_only,282.7238209087286,134.66666666666666,417.39048757539524,68.97044758794503,0.0,0.4656909006518595,70.0,70.0,0.0,0.023508180370628493,default
0.1,4.0,0.0,detector_only,255.54447973120605,93.33333333333333,348.8778130645394,41.79110641042245,52.666666666666664,0.6912756292760811,70.0,17.333333333333332,-52.666666666666664,0.14636967302763362,default
0.1,4.0,2.0,oracle,221.4806962758711,83.72732295508752,305.2080192309586,0.0,50.0,0.34770612960984426,70.0,20.0,-50.0,0.0,default
0.1,4.0,2.0,controller,272.2511678781728,112.74968334222893,385.0008512204017,50.77047160230166,52.666666666666664,0.7061647327538613,70.0,17.333333333333332,-52.666666666666664,0.09396372152955668,default
0.1,4.0,2.0,fixed_policy,146.50545739139858,0.0,146.50545739139858,-74.97523888447253,0.0,8.881784197001252e-16,70.0,70.0,0.0,0.0054458095401933755,default
0.1,4.0,2.0,deploy_only,292.16651222052303,144.10935797846108,436.2758701989841,70.68581594465194,0.0,0.4656909006518595,70.0,70.0,0.0,0.023508180370628493,default
0.1,4.0,2.0,detector_only,265.35428277007804,103.14313637220528,368.4974191422833,43.8735864942069,52.666666666666664,0.6912756292760811,70.0,17.333333333333332,-52.666666666666664,0.14636967302763362,default
0.1,4.0,4.0,oracle,229.20801923095868,91.45464591017509,320.66266514113374,0.0,50.0,0.34770612960984426,70.0,20.0,-50.0,0.0,default
0.1,4.0,4.0,controller,282.33418455373504,122.8327000177912,405.1668845715262,53.12616532277634,52.666666666666664,0.7061647327538613,70.0,17.333333333333332,-52.666666666666664,0.09396372152955668,default
0.1,4.0,4.0,fixed_policy,146.50545739139858,0.0,146.50545739139858,-82.7025618395601,0.0,8.881784197001252e-16,70.0,70.0,0.0,0.0054458095401933755,default
0.1,4.0,4.0,deploy_only,301.60920353231745,153.5520492902555,455.1612528225729,72.40118430135877,0.0,0.4656909006518595,70.0,70.0,0.0,0.023508180370628493,default
0.1,4.0,4.0,detector_only,275.16408580894995,112.95293941107724,388.1170252200272,45.95606657799129,52.666666666666664,0.6912756292760811,70.0,17.333333333333332,-52.666666666666664,0.14636967302763362,default
0.5,0.0,0.0,oracle,267.9992107570552,0.0,267.9992107570552,0.0,50.0,0.6672727096787078,70.0,20.0,-50.0,0.0,default
0.5,0.0,0.0,controller,281.95581801840575,0.0,281.95581801840575,13.956607261350541,54.666666666666664,0.45510664803424056,70.0,15.333333333333334,-54.666666666666664,0.04438646736507192,default
0.5,0.0,0.0,fixed_policy,348.83293897288326,0.0,348.83293897288326,80.83372821582805,-37.0,8.881784197001252e-16,33.0,70.0,37.0,0.025853080895537686,default
0.5,0.0,0.0,deploy_only,282.4710606604862,0.0,282.4710606604862,14.471849903431007,0.0,0.4263173703681857,70.0,70.0,0.0,0.01697130253140383,default
0.5,0.0,0.0,detector_only,299.83001439585234,0.0,299.83001439585234,31.830803638797136,54.666666666666664,0.8500553403329314,70.0,15.333333333333334,-54.666666666666664,0.09841108997698916,default
0.5,0.0,2.0,oracle,295.73001092174,27.73080016468479,323.4608110864248,0.0,50.0,0.6672727096787078,70.0,20.0,-50.0,0.0,default
0.5,0.0,2.0,controller,289.68134423985356,7.72552622144777,297.4068704613013,-6.048666681886497,54.666666666666664,0.45510664803424056,70.0,15.333333333333334,-54.666666666666664,0.04438646736507192,default
0.5,0.0,2.0,fixed_policy,348.83293897288326,0.0,348.83293897288326,53.10292805114324,-37.0,8.881784197001252e-16,33.0,70.0,37.0,0.025853080895537686,default
0.5,0.0,2.0,deploy_only,289.8201065755261,7.349045915039871,297.169152490566,-5.909904346213921,0.0,0.4263173703681857,70.0,70.0,0.0,0.01697130253140383,default
0.5,0.0,2.0,detector_only,305.92038706635134,6.0903726704989465,312.0107597368503,10.190376144611283,54.666666666666664,0.8500553403329314,70.0,15.333333333333334,-54.666666666666664,0.09841108997698916,default
0.5,0.0,4.0,oracle,323.46081108642477,55.46160032936958,378.92241141579433,0.0,50.0,0.6672727096787078,70.0,20.0,-50.0,0.0,default
0.5,0.0,4.0,controller,297.40687046130125,15.45105244289554,312.8579229041968,-26.053940625123477,54.666666666666664,0.45510664803424056,70.0,15.333333333333334,-54.666666666666664,0.04438646736507192,default
0.5,0.0,4.0,fixed_policy,348.83293897288326,0.0,348.83293897288326,25.372127886458486,-37.0,8.881784197001252e-16,33.0,70.0,37.0,0.025853080895537686,default
0.5,0.0,4.0,deploy_only,297.169152490566,14.698091830079742,311.86724432064574,-26.29165859585881,0.0,0.4263173703681857,70.0,70.0,0.0,0.01697130253140383,default
0.5,0.0,4.0,detector_only,312.0107597368502,12.180745340997893,324.1915050778481,-11.450051349574531,54.666666666666664,0.8500553403329314,70.0,15.333333333333334,-54.666666666666664,0.09841108997698916,default
0.5,2.0,0.0,oracle,305.9992107570552,38.0,343.9992107570552,0.0,50.0,0.6672727096787078,70.0,20.0,-50.0,0.0,default
0.5,2.0,0.0,controller,336.6224846850724,54.666666666666664,391.28915135173906,30.62327392801721,54.666666666666664,0.45510664803424056,70.0,15.333333333333334,-54.666666666666664,0.04438646736507192,default
0.5,2.0,0.0,fixed_policy,348.83293897288326,0.0,348.83293897288326,42.833728215828046,-37.0,8.881784197001252e-16,33.0,70.0,37.0,0.025853080895537686,default
0.5,2.0,0.0,deploy_only,355.80439399381953,73.33333333333333,429.13772732715285,49.80518323676434,0.0,0.4263173703681857,70.0,70.0,0.0,0.01697130253140383,default
0.5,2.0,0.0,detector_only,329.83001439585234,30.0,359.83001439585234,23.830803638797136,54.666666666666664,0.8500553403329314,70.0,15.333333333333334,-54.666666666666664,0.09841108997698916,default
0.5,2.0,2.0,oracle,333.73001092174,65.7308001646848,399.4608110864248,0.0,50.0,0.6672727096787078,70.0,20.0,-50.0,0.0,default
0.5,2.0,2.0,controller,344.3480109065202,62.39219288811444,406.7402037946346,10.61799998478017,54.666666666666664,0.45510664803424056,70.0,15.333333333333334,-54.666666666666664,0.04438646736507192,default
0.5,2.0,2.0,fixed_policy,348.83293897288326,0.0,348.83293897288326,15.102928051143238,-37.0,8.881784197001252e-16,33.0,70.0,37.0,0.025853080895537686,default
0.5,2.0,2.0,deploy_only,363.1534399088594,80.68237924837321,443.8358191572326,29.42342898711941,0.0,0.4263173703681857,70.0,70.0,0.0,0.01697130253140383,default
0.5,2.0,2.0,detector_only,335.92038706635134,36.090372670498944,372.0107597368503,2.190376144611283,54.666666666666664,0.8500553403329314,70.0,15.333333333333334,-54.666666666666664,0.09841108997698916,default
0.5,2.0,4.0,oracle,361.4608110864248,93.46160032936957,454.9224114157944,0.0,50.0,0.6672727096787078,70.0,20.0,-50.0,0.0,default
0.5,2.0,4.0,controller,352.07353712796794,70.11771910956219,422.1912562375301,-9.387273958456811,54.666666666666664,0.45510664803424056,70.0,15.333333333333334,-54.666666666666664,0.04438646736507192,default
0.5,2.0,4.0,fixed_policy,348.83293897288326,0.0,348.83293897288326,-12.627872113541514,-37.0,8.881784197001252e-16,33.0,70.0,37.0,0.025853080895537686,default
0.5,2.0,4.0,deploy_only,370.50248582389924,88.03142516341306,458.5339109873123,9.041674737474523,0.0,0.4263173703681857,70.0,70.0,0.0,0.01697130253140383,default
0.5,2.0,4.0,detector_only,342.0107597368503,42.180745340997895,384.19150507784815,-19.450051349574533,54.666666666666664,0.8500553403329314,70.0,15.333333333333334,-54.666666666666664,0.09841108997698916,default
0.5,4.0,0.0,oracle,343.9992107570552,76.0,419.9992107570552,0.0,50.0,0.6672727096787078,70.0,20.0,-50.0,0.0,default
0.5,4.0,0.0,controller,391.28915135173906,109.33333333333333,500.6224846850724,47.28994059468388,54.666666666666664,0.45510664803424056,70.0,15.333333333333334,-54.666666666666664,0.04438646736507192,default
0.5,4.0,0.0,fixed_policy,348.83293897288326,0.0,348.83293897288326,4.833728215828046,-37.0,8.881784197001252e-16,33.0,70.0,37.0,0.025853080895537686,default
0.5,4.0,0.0,deploy_only,429.13772732715285,146.66666666666666,575.8043939938195,85.13851657009768,0.0,0.4263173703681857,70.0,70.0,0.0,0.01697130253140383,default
0.5,4.0,0.0,detector_only,359.8300143958524,60.0,419.8300143958524,15.830803638797136,54.666666666666664,0.8500553403329314,70.0,15.333333333333334,-54.666666666666664,0.09841108997698916,default
0.5,4.0,2.0,oracle,371.7300109217401,103.7308001646848,475.4608110864249,0.0,50.0,0.6672727096787078,70.0,20.0,-50.0,0.0,default
0.5,4.0,2.0,controller,399.0146775731869,117.05885955478111,516.0735371279679,27.284666651446837,54.666666666666664,0.45510664803424056,70.0,15.333333333333334,-54.666666666666664,0.04438646736507192,default
0.5,4.0,2.0,fixed_policy,348.83293897288326,0.0,348.83293897288326,-22.897071948856762,-37.0,8.881784197001252e-16,33.0,70.0,37.0,0.025853080895537686,default
0.5,4.0,2.0,deploy_only,436.4867732421928,154.01571258170654,590.5024858238993,64.75676232045271,0.0,0.4263173703681857,70.0,70.0,0.0,0.01697130253140383,default
0.5,4.0,2.0,detector_only,365.92038706635134,66.09037267049895,432.0107597368503,-5.809623855388717,54.666666666666664,0.8500553403329314,70.0,15.333333333333334,-54.666666666666664,0.09841108997698916,default
0.5,4.0,4.0,oracle,399.4608110864248,131.4616003293696,530.9224114157944,0.0,50.0,0.6672727096787078,70.0,20.0,-50.0,0.0,default
0.5,4.0,4.0,controller,406.7402037946346,124.78438577622887,531.5245895708636,7.279392708209855,54.666666666666664,0.45510664803424056,70.0,15.333333333333334,-54.666666666666664,0.04438646736507192,default
0.5,4.0,4.0,fixed_policy,348.83293897288326,0.0,348.83293897288326,-50.627872113541514,-37.0,8.881784197001252e-16,33.0,70.0,37.0,0.025853080895537686,default
0.5,4.0,4.0,deploy_only,443.83581915723266,161.36475849674642,605.200577653979,44.37500807080787,0.0,0.4263173703681857,70.0,70.0,0.0,0.01697130253140383,default
0.5,4.0,4.0,detector_only,372.0107597368503,72.18074534099789,444.19150507784815,-27.450051349574533,54.666666666666664,0.8500553403329314,70.0,15.333333333333334,-54.666666666666664,0.09841108997698916,default
0.9,0.0,0.0,oracle,317.81836891972677,0.0,317.81836891972677,0.0,50.0,0.4441104856480022,70.0,20.0,-50.0,0.0,default
0.9,0.0,0.0,controller,340.1567508082942,0.0,340.1567508082942,22.338381888567426,-20.0,0.32839250407744397,0.0,20.0,20.0,0.05823749286832206,default
0.9,0.0,0.0,fixed_policy,1026.1726118025604,0.0,1026.1726118025604,708.3542428828337,-70.0,8.881784197001252e-16,0.0,70.0,70.0,0.19104017860188938,default
0.9,0.0,0.0,deploy_only,342.7616964993376,0.0,342.7616964993376,24.94332757961081,-70.0,0.304774039618642,0.0,70.0,70.0,0.02466607437344359,default
0.9,0.0,0.0,detector_only,545.3583744314888,0.0,545.3583744314888,227.54000551176196,-20.0,1.0689471563969275,0.0,20.0,20.0,0.5932103549107638,default
0.9,0.0,2.0,oracle,338.850302579784,21.031933660057238,359.88223623984123,0.0,50.0,0.4441104856480022,70.0,20.0,-50.0,0.0,default
0.9,0.0,2.0,controller,351.16465916692556,11.007908358631383,362.17256752555693,12.31435658714158,-20.0,0.32839250407744397,0.0,20.0,20.0,0.05823749286832206,default
0.9,0.0,2.0,fixed_policy,1026.1726118025604,0.0,1026.1726118025604,687.3223092227763,-70.0,8.881784197001252e-16,0.0,70.0,70.0,0.19104017860188938,default
0.9,0.0,2.0,deploy_only,352.99202174365655,10.230325244318934,363.22234698797547,14.141719163872514,-70.0,0.304774039618642,0.0,70.0,70.0,0.02466607437344359,default
0.9,0.0,2.0,detector_only,553.981214207876,8.622839776387229,562.6040539842631,215.13091162809192,-20.0,1.0689471563969275,0.0,20.0,20.0,0.5932103549107638,default
0.9,0.0,4.0,oracle,359.88223623984123,42.063867320114475,401.9461035599557,0.0,50.0,0.4441104856480022,70.0,20.0,-50.0,0.0,default
0.9,0.0,4.0,controller,362.172567525557,22.015816717262766,384.1883842428198,2.2903312857157325,-20.0,0.32839250407744397,0.0,20.0,20.0,0.05823749286832206,default
0.9,0.0,4.0,fixed_policy,1026.1726118025604,0.0,1026.1726118025604,666.2903755627192,-70.0,8.881784197001252e-16,0.0,70.0,70.0,0.19104017860188938,default
0.9,0.0,4.0,deploy_only,363.22234698797547,20.460650488637867,383.6829974766133,3.3401107481342174,-70.0,0.304774039618642,0.0,70.0,70.0,0.02466607437344359,default
0.9,0.0,4.0,detector_only,562.6040539842633,17.245679552774458,579.8497335370378,202.72181774442197,-20.0,1.0689471563969275,0.0,20.0,20.0,0.5932103549107638,default
0.9,2.0,0.0,oracle,331.81836891972677,14.0,345.81836891972677,0.0,50.0,0.4441104856480022,70.0,20.0,-50.0,0.0,default
0.9,2.0,0.0,controller,416.8234174749609,76.66666666666667,493.49008414162756,85.0050485552341,-20.0,0.32839250407744397,0.0,20.0,20.0,0.05823749286832206,default
0.9,2.0,0.0,fixed_policy,1026.1726118025604,0.0,1026.1726118025604,694.3542428828337,-70.0,8.881784197001252e-16,0.0,70.0,70.0,0.19104017860188938,default
0.9,2.0,0.0,deploy_only,425.4283631660042,82.66666666666667,508.0950298326709,93.60999424627748,-70.0,0.304774039618642,0.0,70.0,70.0,0.02466607437344359,default
0.9,2.0,0.0,detector_only,586.0250410981554,40.666666666666664,626.691707764822,254.20667217842865,-20.0,1.0689471563969275,0.0,20.0,20.0,0.5932103549107638,default
0.9,2.0,2.0,oracle,352.850302579784,35.031933660057234,387.88223623984123,0.0,50.0,0.4441104856480022,70.0,20.0,-50.0,0.0,default
0.9,2.0,2.0,controller,427.8313258335923,87.67457502529805,515.5059008588903,74.98102325380826,-20.0,0.32839250407744397,0.0,20.0,20.0,0.05823749286832206,default
0.9,2.0,2.0,fixed_policy,1026.1726118025604,0.0,1026.1726118025604,673.3223092227763,-70.0,8.881784197001252e-16,0.0,70.0,70.0,0.19104017860188938,default
0.9,2.0,2.0,deploy_only,435.65868841032324,92.8969919109856,528.5556803213088,82.80838583053918,-70.0,0.304774039618642,0.0,70.0,70.0,0.02466607437344359,default
0.9,2.0,2.0,detector_only,594.6478808745426,49.2895064430539,643.9373873175965,241.7975782947586,-20.0,1.0689471563969275,0.0,20.0,20.0,0.5932103549107638,default
0.9,2.0,4.0,oracle,373.88223623984123,56.063867320114475,429.9461035599557,0.0,50.0,0.4441104856480022,70.0,20.0,-50.0,0.0,default
0.9,2.0,4.0,controller,438.8392341922236,98.68248338392944,537.521717576153,64.9569979523824,-20.0,0.32839250407744397,0.0,20.0,20.0,0.05823749286832206,default
0.9,2.0,4.0,fixed_policy,1026.1726118025604,0.0,1026.1726118025604,652.2903755627192,-70.0,8.881784197001252e-16,0.0,70.0,70.0,0.19104017860188938,default
0.9,2.0,4.0,deploy_only,445.88901365464216,103.12731715530454,549.0163308099467,72.00677741480088,-70.0,0.304774039618642,0.0,70.0,70.0,0.02466607437344359,default
0.9,2.0,4.0,detector_only,603.2707206509299,57.91234621944113,661.183066870371,229.38848441108863,-20.0,1.0689471563969275,0.0,20.0,20.0,0.5932103549107638,default
0.9,4.0,0.0,oracle,345.81836891972677,28.0,373.81836891972677,0.0,50.0,0.4441104856480022,70.0,20.0,-50.0,0.0,default
0.9,4.0,0.0,controller,493.4900841416275,153.33333333333334,646.8234174749608,147.67171522190077,-20.0,0.32839250407744397,0.0,20.0,20.0,0.05823749286832206,default
0.9,4.0,0.0,fixed_policy,1026.1726118025604,0.0,1026.1726118025604,680.3542428828337,-70.0,8.881784197001252e-16,0.0,70.0,70.0,0.19104017860188938,default
0.9,4.0,0.0,deploy_only,508.0950298326709,165.33333333333334,673.4283631660043,162.27666091294415,-70.0,0.304774039618642,0.0,70.0,70.0,0.02466607437344359,default
0.9,4.0,0.0,detector_only,626.6917077648221,81.33333333333333,708.0250410981555,280.8733388450953,-20.0,1.0689471563969275,0.0,20.0,20.0,0.5932103549107638,default
0.9,4.0,2.0,oracle,366.850302579784,49.031933660057256,415.88223623984123,0.0,50.0,0.4441104856480022,70.0,20.0,-50.0,0.0,default
0.9,4.0,2.0,controller,504.49799250025893,164.3412416919647,668.8392341922237,137.6476899204749,-20.0,0.32839250407744397,0.0,20.0,20.0,0.05823749286832206,default
0.9,4.0,2.0,fixed_policy,1026.1726118025604,0.0,1026.1726118025604,659.3223092227763,-70.0,8.881784197001252e-16,0.0,70.0,70.0,0.19104017860188938,default
0.9,4.0,2.0,deploy_only,518.3253550769899,175.56365857765232,693.8890136546422,151.4750524972059,-70.0,0.304774039618642,0.0,70.0,70.0,0.02466607437344359,default
0.9,4.0,2.0,detector_only,635.3145475412092,89.95617310972057,725.2707206509298,268.46424496142527,-20.0,1.0689471563969275,0.0,20.0,20.0,0.5932103549107638,default
0.9,4.0,4.0,oracle,387.88223623984123,70.06386732011447,457.9461035599557,0.0,50.0,0.4441104856480022,70.0,20.0,-50.0,0.0,default
0.9,4.0,4.0,controller,515.5059008588902,175.3491500505961,690.8550509094863,127.62366461904902,-20.0,0.32839250407744397,0.0,20.0,20.0,0.05823749286832206,default
0.9,4.0,4.0,fixed_policy,1026.1726118025604,0.0,1026.1726118025604,638.2903755627192,-70.0,8.881784197001252e-16,0.0,70.0,70.0,0.19104017860188938,default
0.9,4.0,4.0,deploy_only,528.5556803213088,185.7939838219712,714.34966414328,140.67344408146758,-70.0,0.304774039618642,0.0,70.0,70.0,0.02466607437344359,default
0.9,4.0,4.0,detector_only,643.9373873175965,98.5790128861078,742.5164002037043,256.0551510777553,-20.0,1.0689471563969275,0.0,20.0,20.0,0.5932103549107638,default
0.1,0.0,0.0,oracle,48.982836587589475,0.0,48.982836587589475,0.0,32.0,0.3393751093894679,32.0,0.0,-32.0,0.0,strong
0.1,0.0,0.0,controller,61.69991062553763,0.0,61.69991062553763,12.717074037948157,2.0,0.7390582858296014,2.0,0.0,-2.0,0.19471729676997995,strong
0.1,0.0,0.0,fixed_policy,49.91161204469599,0.0,49.91161204469599,0.9287754571065179,0.0,0.0,32.0,32.0,0.0,0.0,strong
0.1,0.0,0.0,deploy_only,56.640884291570394,0.0,56.640884291570394,7.658047703980922,-29.0,0.5913768281197869,3.0,32.0,29.0,0.0,strong
0.1,0.0,0.0,detector_only,61.69991062553763,0.0,61.69991062553763,12.717074037948157,2.0,0.7390582858296014,2.0,0.0,-2.0,0.19471729676997995,strong
0.1,0.0,2.0,oracle,51.49003395451251,2.5071973669230383,53.99723132143555,0.0,32.0,0.3393751093894679,32.0,0.0,-32.0,0.0,strong
0.1,0.0,2.0,controller,67.7636777302485,6.063767104710877,73.82744483495938,16.27364377573599,2.0,0.7390582858296014,2.0,0.0,-2.0,0.19471729676997995,strong
0.1,0.0,2.0,fixed_policy,49.91161204469599,0.0,49.91161204469599,-1.5784219098165195,0.0,0.0,32.0,32.0,0.0,0.0,strong
0.1,0.0,2.0,deploy_only,65.34664368781375,8.705759396243353,74.0524030840571,13.856609733301235,-29.0,0.5913768281197869,3.0,32.0,29.0,0.0,strong
0.1,0.0,2.0,detector_only,67.7636777302485,6.063767104710877,73.82744483495938,16.27364377573599,2.0,0.7390582858296014,2.0,0.0,-2.0,0.19471729676997995,strong
0.1,0.0,4.0,oracle,53.99723132143555,5.014394733846077,59.011626055281624,0.0,32.0,0.3393751093894679,32.0,0.0,-32.0,0.0,strong
0.1,0.0,4.0,controller,73.8274448349594,12.127534209421754,85.95497904438115,19.830213513523834,2.0,0.7390582858296014,2.0,0.0,-2.0,0.19471729676997995,strong
0.1,0.0,4.0,fixed_policy,49.91161204469599,0.0,49.91161204469599,-4.085619276739557,0.0,0.0,32.0,32.0,0.0,0.0,strong
0.1,0.0,4.0,deploy_only,74.0524030840571,17.411518792486707,91.46392187654381,20.055171762621555,-29.0,0.5913768281197869,3.0,32.0,29.0,0.0,strong
0.1,0.0,4.0,detector_only,73.8274448349594,12.127534209421754,85.95497904438115,19.830213513523834,2.0,0.7390582858296014,2.0,0.0,-2.0,0.19471729676997995,strong
0.1,2.0,0.0,oracle,60.982836587589475,12.0,72.98283658758947,0.0,32.0,0.3393751093894679,32.0,0.0,-32.0,0.0,strong
0.1,2.0,0.0,controller,95.69991062553764,34.0,129.69991062553765,34.71707403794816,2.0,0.7390582858296014,2.0,0.0,-2.0,0.19471729676997995,strong
0.1,2.0,0.0,fixed_policy,49.91161204469599,0.0,49.91161204469599,-11.071224542893482,0.0,0.0,32.0,32.0,0.0,0.0,strong
0.1,2.0,0.0,deploy_only,112.64088429157039,56.0,168.6408842915704,51.65804770398092,-29.0,0.5913768281197869,3.0,32.0,29.0,0.0,strong
0.1,2.0,0.0,detector_only,95.69991062553764,34.0,129.69991062553765,34.71707403794816,2.0,0.7390582858296014,2.0,0.0,-2.0,0.19471729676997995,strong
0.1,2.0,2.0,oracle,63.49003395451251,14.507197366923037,77.99723132143555,0.0,32.0,0.3393751093894679,32.0,0.0,-32.0,0.0,strong
0.1,2.0,2.0,controller,101.76367773024852,40.06376710471088,141.8274448349594,38.273643775736,2.0,0.7390582858296014,2.0,0.0,-2.0,0.19471729676997995,strong
0.1,2.0,2.0,fixed_policy,49.91161204469599,0.0,49.91161204469599,-13.57842190981652,0.0,0.0,32.0,32.0,0.0,0.0,strong
0.1,2.0,2.0,deploy_only,121.34664368781375,64.70575939624335,186.05240308405712,57.85660973330124,-29.0,0.5913768281197869,3.0,32.0,29.0,0.0,strong
0.1,2.0,2.0,detector_only,101.76367773024852,40.06376710471088,141.8274448349594,38.273643775736,2.0,0.7390582858296014,2.0,0.0,-2.0,0.19471729676997995,strong
0.1,2.0,4.0,oracle,65.99723132143555,17.014394733846075,83.01162605528162,0.0,32.0,0.3393751093894679,32.0,0.0,-32.0,0.0,strong
0.1,2.0,4.0,controller,107.8274448349594,46.12753420942175,153.95497904438116,41.83021351352384,2.0,0.7390582858296014,2.0,0.0,-2.0,0.19471729676997995,strong
0.1,2.0,4.0,fixed_policy,49.91161204469599,0.0,49.91161204469599,-16.085619276739557,0.0,0.0,32.0,32.0,0.0,0.0,strong
0.1,2.0,4.0,deploy_only,130.05240308405712,73.4115187924867,203.46392187654382,64.05517176262155,-29.0,0.5913768281197869,3.0,32.0,29.0,0.0,strong
0.1,2.0,4.0,detector_only,107.8274448349594,46.12753420942175,153.95497904438116,41.83021351352384,2.0,0.7390582858296014,2.0,0.0,-2.0,0.19471729676997995,strong
0.1,4.0,0.0,oracle,72.98283658758947,24.0,96.98283658758947,0.0,32.0,0.3393751093894679,32.0,0.0,-32.0,0.0,strong
0.1,4.0,0.0,controller,129.69991062553763,68.0,197.69991062553763,56.71707403794815,2.0,0.7390582858296014,2.0,0.0,-2.0,0.19471729676997995,strong
0.1,4.0,0.0,fixed_policy,49.91161204469599,0.0,49.91161204469599,-23.071224542893486,0.0,0.0,32.0,32.0,0.0,0.0,strong
0.1,4.0,0.0,deploy_only,168.6408842915704,112.0,280.6408842915704,95.65804770398091,-29.0,0.5913768281197869,3.0,32.0,29.0,0.0,strong
0.1,4.0,0.0,detector_only,129.69991062553763,68.0,197.69991062553763,56.71707403794815,2.0,0.7390582858296014,2.0,0.0,-2.0,0.19471729676997995,strong
0.1,4.0,2.0,oracle,75.49003395451251,26.507197366923037,101.99723132143555,0.0,32.0,0.3393751093894679,32.0,0.0,-32.0,0.0,strong
0.1,4.0,2.0,controller,135.76367773024853,74.06376710471088,209.8274448349594,60.273643775736,2.0,0.7390582858296014,2.0,0.0,-2.0,0.19471729676997995,strong
0.1,4.0,2.0,fixed_policy,49.91161204469599,0.0,49.91161204469599,-25.578421909816523,0.0,0.0,32.0,32.0,0.0,0.0,strong
0.1,4.0,2.0,deploy_only,177.34664368781372,120.70575939624335,298.05240308405706,101.85660973330123,-29.0,0.5913768281197869,3.0,32.0,29.0,0.0,strong
0.1,4.0,2.0,detector_only,135.76367773024853,74.06376710471088,209.8274448349594,60.273643775736,2.0,0.7390582858296014,2.0,0.0,-2.0,0.19471729676997995,strong
0.1,4.0,4.0,oracle,77.99723132143555,29.014394733846075,107.01162605528162,0.0,32.0,0.3393751093894679,32.0,0.0,-32.0,0.0,strong
0.1,4.0,4.0,controller,141.82744483495938,80.12753420942175,221.95497904438113,63.83021351352384,2.0,0.7390582858296014,2.0,0.0,-2.0,0.19471729676997995,strong
0.1,4.0,4.0,fixed_policy,49.91161204469599,0.0,49.91161204469599,-28.08561927673956,0.0,0.0,32.0,32.0,0.0,0.0,strong
0.1,4.0,4.0,deploy_only,186.05240308405712,129.4115187924867,315.46392187654385,108.05517176262155,-29.0,0.5913768281197869,3.0,32.0,29.0,0.0,strong
0.1,4.0,4.0,detector_only,141.82744483495938,80.12753420942175,221.95497904438113,63.83021351352384,2.0,0.7390582858296014,2.0,0.0,-2.0,0.19471729676997995,strong
0.5,0.0,0.0,oracle,88.99032777163671,0.0,88.99032777163671,0.0,32.0,0.9856880626681149,32.0,0.0,-32.0,0.0,strong
0.5,0.0,0.0,controller,104.64233339652033,0.0,104.64233339652033,15.65200562488362,2.0,0.1871324068140026,2.0,0.0,-2.0,0.13191325970600795,strong
0.5,0.0,0.0,fixed_policy,131.81196906947017,0.0,131.81196906947017,42.82164129783345,-24.0,0.0,8.0,32.0,24.0,0.0,strong
0.5,0.0,0.0,deploy_only,104.48968824928393,0.0,104.48968824928393,15.49936047764723,-29.0,0.3110203899309201,3.0,32.0,29.0,0.0,strong
0.5,0.0,0.0,detector_only,104.65218189440134,0.0,104.65218189440134,15.661854122764614,2.0,0.1915815115782503,2.0,0.0,-2.0,0.13199626168606257,strong
0.5,0.0,2.0,oracle,104.24447868624249,15.254150914605779,119.49862960084826,0.0,32.0,0.9856880626681149,32.0,0.0,-32.0,0.0,strong
0.5,0.0,2.0,controller,110.57215592064425,5.929822524123911,116.50197844476816,6.327677234401757,2.0,0.1871324068140026,2.0,0.0,-2.0,0.13191325970600795,strong
0.5,0.0,2.0,fixed_policy,131.81196906947017,0.0,131.81196906947017,27.56749038322768,-24.0,0.0,8.0,32.0,24.0,0.0,strong
0.5,0.0,2.0,deploy_only,109.93048441199473,5.440796162710785,115.37128057470551,5.686005725752243,-29.0,0.3110203899309201,3.0,32.0,29.0,0.0,strong
0.5,0.0,2.0,detector_only,110.46055488556674,5.808372991165389,116.26892787673212,6.21607619932423,2.0,0.1915815115782503,2.0,0.0,-2.0,0.13199626168606257,strong
0.5,0.0,4.0,oracle,119.49862960084825,30.508301829211558,150.0069314300598,0.0,32.0,0.9856880626681149,32.0,0.0,-32.0,0.0,strong
0.5,0.0,4.0,controller,116.50197844476816,11.859645048247822,128.36162349301597,-2.9966511560801052,2.0,0.1871324068140026,2.0,0.0,-2.0,0.13191325970600795,strong
0.5,0.0,4.0,fixed_policy,131.81196906947017,0.0,131.81196906947017,12.313339468621905,-24.0,0.0,8.0,32.0,24.0,0.0,strong
0.5,0.0,4.0,deploy_only,115.37128057470552,10.88159232542157,126.25287290012709,-4.127349026142743,-29.0,0.3110203899309201,3.0,32.0,29.0,0.0,strong
0.5,0.0,4.0,detector_only,116.2689278767321,11.616745982330778,127.88567385906289,-3.229701724116154,2.0,0.1915815115782503,2.0,0.0,-2.0,0.13199626168606257,strong
0.5,2.0,0.0,oracle,108.99032777163671,20.0,128.99032777163671,0.0,32.0,0.9856880626681149,32.0,0.0,-32.0,0.0,strong
0.5,2.0,0.0,controller,131.97566672985369,27.333333333333332,159.30900006318703,22.98533895821696,2.0,0.1871324068140026,2.0,0.0,-2.0,0.13191325970600795,strong
0.5,2.0,0.0,fixed_policy,131.81196906947017,0.0,131.81196906947017,22.82164129783345,-24.0,0.0,8.0,32.0,24.0,0.0,strong
0.5,2.0,0.0,deploy_only,146.48968824928394,42.0,188.48968824928394,37.49936047764723,-29.0,0.3110203899309201,3.0,32.0,29.0,0.0,strong
0.5,2.0,0.0,detector_only,127.98551522773467,23.333333333333332,151.318848561068,18.99518745609795,2.0,0.1915815115782503,2.0,0.0,-2.0,0.13199626168606257,strong
0.5,2.0,2.0,oracle,124.24447868624249,35.25415091460577,159.49862960084826,0.0,32.0,0.9856880626681149,32.0,0.0,-32.0,0.0,strong
0.5,2.0,2.0,controller,137.9054892539776,33.26315585745724,171.16864511143484,13.661010567735099,2.0,0.1871324068140026,2.0,0.0,-2.0,0.13191325970600795,strong
0.5,2.0,2.0,fixed_policy,131.81196906947017,0.0,131.81196906947017,7.567490383227678,-24.0,0.0,8.0,32.0,24.0,0.0,strong
0.5,2.0,2.0,deploy_only,151.93048441199474,47.44079616271079,199.37128057470554,27.686005725752235,-29.0,0.3110203899309201,3.0,32.0,29.0,0.0,strong
0.5,2.0,2.0,detector_only,133.79388821890004,29.141706324498717,162.93559454339876,9.549409532657558,2.0,0.1915815115782503,2.0,0.0,-2.0,0.13199626168606257,strong
0.5,2.0,4.0,oracle,139.49862960084826,50.508301829211554,190.0069314300598,0.0,32.0,0.9856880626681149,32.0,0.0,-32.0,0.0,strong
0.5,2.0,4.0,controller,143.8353117781015,39.19297838158116,183.02829015968265,4.336682177253228,2.0,0.1871324068140026,2.0,0.0,-2.0,0.13191325970600795,strong
0.5,2.0,4.0,fixed_policy,131.81196906947017,0.0,131.81196906947017,-7.686660531378095,-24.0,0.0,8.0,32.0,24.0,0.0,strong
0.5,2.0,4.0,deploy_only,157.37128057470554,52.88159232542157,210.2528729001271,17.872650973857258,-29.0,0.3110203899309201,3.0,32.0,29.0,0.0,strong
0.5,2.0,4.0,detector_only,139.60226121006545,34.95007931566411,174.55234052572956,0.10363160921717925,2.0,0.1915815115782503,2.0,0.0,-2.0,0.13199626168606257,strong
0.5,4.0,0.0,oracle,128.99032777163671,40.0,168.99032777163671,0.0,32.0,0.9856880626681149,32.0,0.0,-32.0,0.0,strong
0.5,4.0,0.0,controller,159.30900006318703,54.666666666666664,213.97566672985369,30.318672291550296,2.0,0.1871324068140026,2.0,0.0,-2.0,0.13191325970600795,strong
0.5,4.0,0.0,fixed_policy,131.81196906947017,0.0,131.81196906947017,2.8216412978334517,-24.0,0.0,8.0,32.0,24.0,0.0,strong
0.5,4.0,0.0,deploy_only,188.48968824928394,84.0,272.489688249284,59.49936047764723,-29.0,0.3110203899309201,3.0,32.0,29.0,0.0,strong
0.5,4.0,0.0,detector_only,151.318848561068,46.666666666666664,197.98551522773465,22.32852078943128,2.0,0.1915815115782503,2.0,0.0,-2.0,0.13199626168606257,strong
0.5,4.0,2.0,oracle,144.24447868624247,55.25415091460578,199.49862960084826,0.0,32.0,0.9856880626681149,32.0,0.0,-32.0,0.0,strong
0.5,4.0,2.0,controller,165.23882258731092,60.59648919079058,225.8353117781015,20.994343901068447,2.0,0.1871324068140026,2.0,0.0,-2.0,0.13191325970600795,strong
0.5,4.0,2.0,fixed_policy,131.81196906947017,0.0,131.81196906947017,-12.432509616772307,-24.0,0.0,8.0,32.0,24.0,0.0,strong
0.5,4.0,2.0,deploy_only,193.9304844119947,89.44079616271078,283.3712805747055,49.68600572575224,-29.0,0.3110203899309201,3.0,32.0,29.0,0.0,strong
0.5,4.0,2.0,detector_only,157.12722155223335,52.47503965783206,209.60226121006542,12.882742865990906,2.0,0.1915815115782503,2.0,0.0,-2.0,0.13199626168606257,strong
0.5,4.0,4.0,oracle,159.49862960084826,70.50830182921155,230.0069314300598,0.0,32.0,0.9856880626681149,32.0,0.0,-32.0,0.0,strong
0.5,4.0,4.0,controller,171.1686451114348,66.52631171491448,237.6949568263493,11.67001551058656,2.0,0.1871324068140026,2.0,0.0,-2.0,0.13191325970600795,strong
0.5,4.0,4.0,fixed_policy,131.81196906947017,0.0,131.81196906947017,-27.686660531378095,-24.0,0.0,8.0,32.0,24.0,0.0,strong
0.5,4.0,4.0,deploy_only,199.37128057470554,94.88159232542158,294.2528729001271,39.87265097385725,-29.0,0.3110203899309201,3.0,32.0,29.0,0.0,strong
0.5,4.0,4.0,detector_only,162.93559454339876,58.283412648997434,221.2190071923962,3.436964942550503,2.0,0.1915815115782503,2.0,0.0,-2.0,0.13199626168606257,strong
0.9,0.0,0.0,oracle,99.8502641945261,0.0,99.8502641945261,0.0,32.0,0.4711807938266112,32.0,0.0,-32.0,0.0,strong
0.9,0.0,0.0,controller,120.63095342292009,0.0,120.63095342292009,20.780689228393992,0.0,0.2399791239520305,0.0,0.0,0.0,0.1560888901699059,strong
0.9,0.0,0.0,fixed_policy,406.0037851673681,0.0,406.0037851673681,306.153520972842,-32.0,0.0,0.0,32.0,32.0,0.0,strong
0.9,0.0,0.0,deploy_only,130.3026433237974,0.0,130.3026433237974,30.452379129271307,-32.0,0.3938009511661456,0.0,32.0,32.0,0.0,strong
0.9,0.0,0.0,detector_only,123.9506929150973,0.0,123.9506929150973,24.1004287205712,0.0,0.26338272208376173,0.0,0.0,0.0,0.18102427355839965,strong
0.9,0.0,2.0,oracle,116.72331477122367,16.873050576697565,133.59636534792122,0.0,32.0,0.4711807938266112,32.0,0.0,-32.0,0.0,strong
0.9,0.0,2.0,controller,129.52538721974517,8.894433796825057,138.41982101657024,12.80207244852148,0.0,0.2399791239520305,0.0,0.0,0.0,0.1560888901699059,strong
0.9,0.0,2.0,fixed_policy,406.0037851673681,0.0,406.0037851673681,289.28047039614444,-32.0,0.0,0.0,32.0,32.0,0.0,strong
0.9,0.0,2.0,deploy_only,138.21238140692796,7.909738083130541,146.1221194900585,21.48906663570428,-32.0,0.3938009511661456,0.0,32.0,32.0,0.0,strong
0.9,0.0,2.0,detector_only,131.45195706849373,7.501264153396431,138.95322122189015,14.728642297270065,0.0,0.26338272208376173,0.0,0.0,0.0,0.18102427355839965,strong
0.9,0.0,4.0,oracle,133.59636534792122,33.74610115339513,167.34246650131635,0.0,32.0,0.4711807938266112,32.0,0.0,-32.0,0.0,strong
0.9,0.0,4.0,controller,138.41982101657024,17.788867593650114,156.20868861022035,4.823455668648999,0.0,0.2399791239520305,0.0,0.0,0.0,0.1560888901699059,strong
0.9,0.0,4.0,fixed_policy,406.0037851673681,0.0,406.0037851673681,272.4074198194469,-32.0,0.0,0.0,32.0,32.0,0.0,strong
0.9,0.0,4.0,deploy_only,146.12211949005848,15.819476166261081,161.94159565631955,12.525754142137268,-32.0,0.3938009511661456,0.0,32.0,32.0,0.0,strong
0.9,0.0,4.0,detector_only,138.95322122189017,15.002528306792861,153.95574952868304,5.356855873968935,0.0,0.26338272208376173,0.0,0.0,0.0,0.18102427355839965,strong
0.9,2.0,0.0,oracle,105.8502641945261,6.0,111.8502641945261,0.0,32.0,0.4711807938266112,32.0,0.0,-32.0,0.0,strong
0.9,2.0,0.0,controller,165.96428675625341,45.333333333333336,211.29762008958676,60.114022561727325,0.0,0.2399791239520305,0.0,0.0,0.0,0.1560888901699059,strong
0.9,2.0,0.0,fixed_policy,406.0037851673681,0.0,406.0037851673681,300.153520972842,-32.0,0.0,0.0,32.0,32.0,0.0,strong
0.9,2.0,0.0,deploy_only,178.3026433237974,48.0,226.3026433237974,72.4523791292713,-32.0,0.3938009511661456,0.0,32.0,32.0,0.0,strong
0.9,2.0,0.0,detector_only,155.9506929150973,32.0,187.9506929150973,50.10042872057119,0.0,0.26338272208376173,0.0,0.0,0.0,0.18102427355839965,strong
0.9,2.0,2.0,oracle,122.72331477122367,22.873050576697565,145.59636534792122,0.0,32.0,0.4711807938266112,32.0,0.0,-32.0,0.0,strong
0.9,2.0,2.0,controller,174.85872055307848,54.227767130158384,229.08648768323687,52.135405781854814,0.0,0.2399791239520305,0.0,0.0,0.0,0.1560888901699059,strong
0.9,2.0,2.0,fixed_policy,406.0037851673681,0.0,406.0037851673681,283.28047039614444,-32.0,0.0,0.0,32.0,32.0,0.0,strong
0.9,2.0,2.0,deploy_only,186.21238140692796,55.90973808313054,242.1221194900585,63.48906663570428,-32.0,0.3938009511661456,0.0,32.0,32.0,0.0,strong
0.9,2.0,2.0,detector_only,163.45195706849373,39.50126415339643,202.95322122189015,40.72864229727006,0.0,0.26338272208376173,0.0,0.0,0.0,0.18102427355839965,strong
0.9,2.0,4.0,oracle,139.59636534792122,39.74610115339513,179.34246650131635,0.0,32.0,0.4711807938266112,32.0,0.0,-32.0,0.0,strong
0.9,2.0,4.0,controller,183.75315434990355,63.122200926983446,246.875355276887,44.15678900198233,0.0,0.2399791239520305,0.0,0.0,0.0,0.1560888901699059,strong
0.9,2.0,4.0,fixed_policy,406.0037851673681,0.0,406.0037851673681,266.4074198194469,-32.0,0.0,0.0,32.0,32.0,0.0,strong
0.9,2.0,4.0,deploy_only,194.12211949005848,63.81947616626107,257.9415956563196,54.52575414213726,-32.0,0.3938009511661456,0.0,32.0,32.0,0.0,strong
0.9,2.0,4.0,detector_only,170.95322122189017,47.00252830679286,217.95574952868304,31.356855873968936,0.0,0.26338272208376173,0.0,0.0,0.0,0.18102427355839965,strong
0.9,4.0,0.0,oracle,111.8502641945261,12.0,123.8502641945261,0.0,32.0,0.4711807938266112,32.0,0.0,-32.0,0.0,strong
0.9,4.0,0.0,controller,211.29762008958676,90.66666666666667,301.96428675625344,99.44735589506065,0.0,0.2399791239520305,0.0,0.0,0.0,0.1560888901699059,strong
0.9,4.0,0.0,fixed_policy,406.0037851673681,0.0,406.0037851673681,294.153520972842,-32.0,0.0,0.0,32.0,32.0,0.0,strong
0.9,4.0,0.0,deploy_only,226.3026433237974,96.0,322.3026433237974,114.4523791292713,-32.0,0.3938009511661456,0.0,32.0,32.0,0.0,strong
0.9,4.0,0.0,detector_only,187.9506929150973,64.0,251.9506929150973,76.10042872057119,0.0,0.26338272208376173,0.0,0.0,0.0,0.18102427355839965,strong
0.9,4.0,2.0,oracle,128.72331477122367,28.873050576697565,157.59636534792122,0.0,32.0,0.4711807938266112,32.0,0.0,-32.0,0.0,strong
0.9,4.0,2.0,controller,220.19205388641183,99.56110046349174,319.7531543499036,91.46873911518814,0.0,0.2399791239520305,0.0,0.0,0.0,0.1560888901699059,strong
0.9,4.0,2.0,fixed_policy,406.0037851673681,0.0,406.0037851673681,277.28047039614444,-32.0,0.0,0.0,32.0,32.0,0.0,strong
0.9,4.0,2.0,deploy_only,234.212381406928,103.90973808313055,338.12211949005854,105.4890666357043,-32.0,0.3938009511661456,0.0,32.0,32.0,0.0,strong
0.9,4.0,2.0,detector_only,195.45195706849373,71.50126415339643,266.95322122189015,66.72864229727007,0.0,0.26338272208376173,0.0,0.0,0.0,0.18102427355839965,strong
0.9,4.0,4.0,oracle,145.59636534792122,45.74610115339513,191.34246650131635,0.0,32.0,0.4711807938266112,32.0,0.0,-32.0,0.0,strong
0.9,4.0,4.0,controller,229.0864876832369,108.45553426031677,337.54202194355366,83.49012233531566,0.0,0.2399791239520305,0.0,0.0,0.0,0.1560888901699059,strong
0.9,4.0,4.0,fixed_policy,406.0037851673681,0.0,406.0037851673681,260.4074198194469,-32.0,0.0,0.0,32.0,32.0,0.0,strong
0.9,4.0,4.0,deploy_only,242.1221194900585,111.81947616626108,353.9415956563196,96.52575414213727,-32.0,0.3938009511661456,0.0,32.0,32.0,0.0,strong
0.9,4.0,4.0,detector_only,202.95322122189017,79.00252830679285,281.95574952868304,57.35685587396895,0.0,0.26338272208376173,0.0,0.0,0.0,0.18102427355839965,strong
