experiment,setting,sample_size,mean_distance,ambient_dim,intrinsic_dim,H,span,regime,zeta,span_growth_fraction,epsilon
raw-iid,raw W2 iid ambient d=1,16,0.247573,1,1,,,,,,
raw-iid,raw W2 iid ambient d=1,32,0.224427,1,1,,,,,,
raw-iid,raw W2 iid ambient d=1,64,0.129606,1,1,,,,,,
raw-iid,raw W2 iid ambient d=1,128,0.083701,1,1,,,,,,
raw-iid,raw W2 iid ambient d=2,16,0.518832,2,2,,,,,,
raw-iid,raw W2 iid ambient d=2,32,0.398999,2,2,,,,,,
raw-iid,raw W2 iid ambient d=2,64,0.265049,2,2,,,,,,
raw-iid,raw W2 iid ambient d=2,128,0.220328,2,2,,,,,,
raw-iid,raw W2 iid ambient d=4,16,0.892643,4,4,,,,,,
raw-iid,raw W2 iid ambient d=4,32,0.762749,4,4,,,,,,
raw-iid,raw W2 iid ambient d=4,64,0.631167,4,4,,,,,,
raw-iid,raw W2 iid ambient d=4,128,0.515312,4,4,,,,,,
raw-iid,raw W2 iid ambient d=6,16,1.228817,6,6,,,,,,
raw-iid,raw W2 iid ambient d=6,32,1.15175,6,6,,,,,,
raw-iid,raw W2 iid ambient d=6,64,0.978095,6,6,,,,,,
raw-iid,raw W2 iid ambient d=6,128,0.856736,6,6,,,,,,
intrinsic-iid,"raw W2 iid ambient d=4, intrinsic k=1",16,0.247273,4,1,,,,,,
intrinsic-iid,"raw W2 iid ambient d=4, intrinsic k=1",32,0.212721,4,1,,,,,,
intrinsic-iid,"raw W2 iid ambient d=4, intrinsic k=1",64,0.123314,4,1,,,,,,
intrinsic-iid,"raw W2 iid ambient d=4, intrinsic k=1",128,0.093888,4,1,,,,,,
intrinsic-iid,"raw W2 iid ambient d=8, intrinsic k=1",16,0.260109,8,1,,,,,,
intrinsic-iid,"raw W2 iid ambient d=8, intrinsic k=1",32,0.160512,8,1,,,,,,
intrinsic-iid,"raw W2 iid ambient d=8, intrinsic k=1",64,0.152222,8,1,,,,,,
intrinsic-iid,"raw W2 iid ambient d=8, intrinsic k=1",128,0.095667,8,1,,,,,,
intrinsic-iid,"raw W2 iid ambient d=8, intrinsic k=2",16,0.479469,8,2,,,,,,
intrinsic-iid,"raw W2 iid ambient d=8, intrinsic k=2",32,0.377323,8,2,,,,,,
intrinsic-iid,"raw W2 iid ambient d=8, intrinsic k=2",64,0.293128,8,2,,,,,,
intrinsic-iid,"raw W2 iid ambient d=8, intrinsic k=2",128,0.205945,8,2,,,,,,
triangular-fixed-span,"iid mixture fixed span d=1, H=0.5, span=0.10",32,0.389834,1,,0.5,0.1,fixed-span,,,
triangular-fixed-span,"iid mixture fixed span d=1, H=0.5, span=0.10",64,0.271262,1,,0.5,0.1,fixed-span,,,
triangular-fixed-span,"iid mixture fixed span d=1, H=0.5, span=0.10",128,0.199896,1,,0.5,0.1,fixed-span,,,
triangular-fixed-span,"iid mixture fixed span d=1, H=0.5, span=0.10",256,0.141152,1,,0.5,0.1,fixed-span,,,
triangular-fixed-span,"triangular fixed span d=1, H=0.5, span=0.10",32,0.431946,1,,0.5,0.1,fixed-span,,,
triangular-fixed-span,"triangular fixed span d=1, H=0.5, span=0.10",64,0.264544,1,,0.5,0.1,fixed-span,,,
triangular-fixed-span,"triangular fixed span d=1, H=0.5, span=0.10",128,0.200975,1,,0.5,0.1,fixed-span,,,
triangular-fixed-span,"triangular fixed span d=1, H=0.5, span=0.10",256,0.140331,1,,0.5,0.1,fixed-span,,,
triangular-fixed-span,"iid mixture fixed span d=1, H=0.5, span=0.25",32,0.390899,1,,0.5,0.25,fixed-span,,,
triangular-fixed-span,"iid mixture fixed span d=1, H=0.5, span=0.25",64,0.272035,1,,0.5,0.25,fixed-span,,,
triangular-fixed-span,"iid mixture fixed span d=1, H=0.5, span=0.25",128,0.199396,1,,0.5,0.25,fixed-span,,,
triangular-fixed-span,"iid mixture fixed span d=1, H=0.5, span=0.25",256,0.142059,1,,0.5,0.25,fixed-span,,,
triangular-fixed-span,"triangular fixed span d=1, H=0.5, span=0.25",32,0.43384,1,,0.5,0.25,fixed-span,,,
triangular-fixed-span,"triangular fixed span d=1, H=0.5, span=0.25",64,0.264737,1,,0.5,0.25,fixed-span,,,
triangular-fixed-span,"triangular fixed span d=1, H=0.5, span=0.25",128,0.200999,1,,0.5,0.25,fixed-span,,,
triangular-fixed-span,"triangular fixed span d=1, H=0.5, span=0.25",256,0.140039,1,,0.5,0.25,fixed-span,,,
triangular-fixed-span,"iid mixture fixed span d=1, H=0.5, span=0.50",32,0.392451,1,,0.5,0.5,fixed-span,,,
triangular-fixed-span,"iid mixture fixed span d=1, H=0.5, span=0.50",64,0.274917,1,,0.5,0.5,fixed-span,,,
triangular-fixed-span,"iid mixture fixed span d=1, H=0.5, span=0.50",128,0.199212,1,,0.5,0.5,fixed-span,,,
triangular-fixed-span,"iid mixture fixed span d=1, H=0.5, span=0.50",256,0.144046,1,,0.5,0.5,fixed-span,,,
triangular-fixed-span,"triangular fixed span d=1, H=0.5, span=0.50",32,0.43714,1,,0.5,0.5,fixed-span,,,
triangular-fixed-span,"triangular fixed span d=1, H=0.5, span=0.50",64,0.26474,1,,0.5,0.5,fixed-span,,,
triangular-fixed-span,"triangular fixed span d=1, H=0.5, span=0.50",128,0.202984,1,,0.5,0.5,fixed-span,,,
triangular-fixed-span,"triangular fixed span d=1, H=0.5, span=0.50",256,0.140318,1,,0.5,0.5,fixed-span,,,
triangular-growing-span,"iid mixture fixed zeta d=1, H=0.5, zeta=0.04",32,0.303566,1,,0.5,,fixed-zeta,0.04,,
triangular-growing-span,"iid mixture fixed zeta d=1, H=0.5, zeta=0.04",64,0.278743,1,,0.5,,fixed-zeta,0.04,,
triangular-growing-span,"iid mixture fixed zeta d=1, H=0.5, zeta=0.04",128,0.219997,1,,0.5,,fixed-zeta,0.04,,
triangular-growing-span,"iid mixture fixed zeta d=1, H=0.5, zeta=0.04",256,0.137373,1,,0.5,,fixed-zeta,0.04,,
triangular-span-growth,"iid mixture span growth d=1, H=0.5, frac=0.25",32,0.319505,1,,0.5,,span-growth,,0.25,
triangular-span-growth,"iid mixture span growth d=1, H=0.5, frac=0.25",64,0.281064,1,,0.5,,span-growth,,0.25,
triangular-span-growth,"iid mixture span growth d=1, H=0.5, frac=0.25",128,0.218682,1,,0.5,,span-growth,,0.25,
triangular-span-growth,"iid mixture span growth d=1, H=0.5, frac=0.25",256,0.164548,1,,0.5,,span-growth,,0.25,
triangular-span-growth,"triangular span growth d=1, H=0.5, frac=0.25",32,0.348328,1,,0.5,,span-growth,,0.25,
triangular-span-growth,"triangular span growth d=1, H=0.5, frac=0.25",64,0.304115,1,,0.5,,span-growth,,0.25,
triangular-span-growth,"triangular span growth d=1, H=0.5, frac=0.25",128,0.202705,1,,0.5,,span-growth,,0.25,
triangular-span-growth,"triangular span growth d=1, H=0.5, frac=0.25",256,0.14424,1,,0.5,,span-growth,,0.25,
triangular-span-growth,"iid mixture span growth d=1, H=0.5, frac=0.50",32,0.36838,1,,0.5,,span-growth,,0.5,
triangular-span-growth,"iid mixture span growth d=1, H=0.5, frac=0.50",64,0.292233,1,,0.5,,span-growth,,0.5,
triangular-span-growth,"iid mixture span growth d=1, H=0.5, frac=0.50",128,0.198719,1,,0.5,,span-growth,,0.5,
triangular-span-growth,"iid mixture span growth d=1, H=0.5, frac=0.50",256,0.128284,1,,0.5,,span-growth,,0.5,
triangular-span-growth,"triangular span growth d=1, H=0.5, frac=0.50",32,0.37137,1,,0.5,,span-growth,,0.5,
triangular-span-growth,"triangular span growth d=1, H=0.5, frac=0.50",64,0.277275,1,,0.5,,span-growth,,0.5,
triangular-span-growth,"triangular span growth d=1, H=0.5, frac=0.50",128,0.231789,1,,0.5,,span-growth,,0.5,
triangular-span-growth,"triangular span growth d=1, H=0.5, frac=0.50",256,0.14233,1,,0.5,,span-growth,,0.5,
triangular-span-growth,"iid mixture span growth d=1, H=0.5, frac=0.75",32,0.381751,1,,0.5,,span-growth,,0.75,
triangular-span-growth,"iid mixture span growth d=1, H=0.5, frac=0.75",64,0.285973,1,,0.5,,span-growth,,0.75,
triangular-span-growth,"iid mixture span growth d=1, H=0.5, frac=0.75",128,0.216672,1,,0.5,,span-growth,,0.75,
triangular-span-growth,"iid mixture span growth d=1, H=0.5, frac=0.75",256,0.165644,1,,0.5,,span-growth,,0.75,
triangular-span-growth,"triangular span growth d=1, H=0.5, frac=0.75",32,0.38854,1,,0.5,,span-growth,,0.75,
triangular-span-growth,"triangular span growth d=1, H=0.5, frac=0.75",64,0.298131,1,,0.5,,span-growth,,0.75,
triangular-span-growth,"triangular span growth d=1, H=0.5, frac=0.75",128,0.178782,1,,0.5,,span-growth,,0.75,
triangular-span-growth,"triangular span growth d=1, H=0.5, frac=0.75",256,0.156198,1,,0.5,,span-growth,,0.75,
triangular-growing-span,"triangular fixed zeta d=1, H=0.5, zeta=0.04",32,0.418485,1,,0.5,,fixed-zeta,0.04,,
triangular-growing-span,"triangular fixed zeta d=1, H=0.5, zeta=0.04",64,0.296642,1,,0.5,,fixed-zeta,0.04,,
triangular-growing-span,"triangular fixed zeta d=1, H=0.5, zeta=0.04",128,0.215625,1,,0.5,,fixed-zeta,0.04,,
triangular-growing-span,"triangular fixed zeta d=1, H=0.5, zeta=0.04",256,0.160883,1,,0.5,,fixed-zeta,0.04,,
triangular-fixed-span,"iid mixture fixed span d=1, H=1.0, span=0.10",32,0.39869,1,,1.0,0.1,fixed-span,,,
triangular-fixed-span,"iid mixture fixed span d=1, H=1.0, span=0.10",64,0.281133,1,,1.0,0.1,fixed-span,,,
triangular-fixed-span,"iid mixture fixed span d=1, H=1.0, span=0.10",128,0.213764,1,,1.0,0.1,fixed-span,,,
triangular-fixed-span,"iid mixture fixed span d=1, H=1.0, span=0.10",256,0.154952,1,,1.0,0.1,fixed-span,,,
triangular-fixed-span,"triangular fixed span d=1, H=1.0, span=0.10",32,0.342508,1,,1.0,0.1,fixed-span,,,
triangular-fixed-span,"triangular fixed span d=1, H=1.0, span=0.10",64,0.306177,1,,1.0,0.1,fixed-span,,,
triangular-fixed-span,"triangular fixed span d=1, H=1.0, span=0.10",128,0.208052,1,,1.0,0.1,fixed-span,,,
triangular-fixed-span,"triangular fixed span d=1, H=1.0, span=0.10",256,0.146314,1,,1.0,0.1,fixed-span,,,
triangular-fixed-span,"iid mixture fixed span d=1, H=1.0, span=0.25",32,0.400464,1,,1.0,0.25,fixed-span,,,
triangular-fixed-span,"iid mixture fixed span d=1, H=1.0, span=0.25",64,0.283735,1,,1.0,0.25,fixed-span,,,
triangular-fixed-span,"iid mixture fixed span d=1, H=1.0, span=0.25",128,0.213746,1,,1.0,0.25,fixed-span,,,
triangular-fixed-span,"iid mixture fixed span d=1, H=1.0, span=0.25",256,0.154001,1,,1.0,0.25,fixed-span,,,
triangular-fixed-span,"triangular fixed span d=1, H=1.0, span=0.25",32,0.342147,1,,1.0,0.25,fixed-span,,,
triangular-fixed-span,"triangular fixed span d=1, H=1.0, span=0.25",64,0.30601,1,,1.0,0.25,fixed-span,,,
triangular-fixed-span,"triangular fixed span d=1, H=1.0, span=0.25",128,0.208837,1,,1.0,0.25,fixed-span,,,
triangular-fixed-span,"triangular fixed span d=1, H=1.0, span=0.25",256,0.146203,1,,1.0,0.25,fixed-span,,,
triangular-fixed-span,"iid mixture fixed span d=1, H=1.0, span=0.50",32,0.406277,1,,1.0,0.5,fixed-span,,,
triangular-fixed-span,"iid mixture fixed span d=1, H=1.0, span=0.50",64,0.285798,1,,1.0,0.5,fixed-span,,,
triangular-fixed-span,"iid mixture fixed span d=1, H=1.0, span=0.50",128,0.214849,1,,1.0,0.5,fixed-span,,,
triangular-fixed-span,"iid mixture fixed span d=1, H=1.0, span=0.50",256,0.153967,1,,1.0,0.5,fixed-span,,,
triangular-fixed-span,"triangular fixed span d=1, H=1.0, span=0.50",32,0.347603,1,,1.0,0.5,fixed-span,,,
triangular-fixed-span,"triangular fixed span d=1, H=1.0, span=0.50",64,0.306902,1,,1.0,0.5,fixed-span,,,
triangular-fixed-span,"triangular fixed span d=1, H=1.0, span=0.50",128,0.210399,1,,1.0,0.5,fixed-span,,,
triangular-fixed-span,"triangular fixed span d=1, H=1.0, span=0.50",256,0.145774,1,,1.0,0.5,fixed-span,,,
triangular-growing-span,"iid mixture fixed zeta d=1, H=1.0, zeta=0.04",32,0.389509,1,,1.0,,fixed-zeta,0.04,,
triangular-growing-span,"iid mixture fixed zeta d=1, H=1.0, zeta=0.04",64,0.355853,1,,1.0,,fixed-zeta,0.04,,
triangular-growing-span,"iid mixture fixed zeta d=1, H=1.0, zeta=0.04",128,0.310502,1,,1.0,,fixed-zeta,0.04,,
triangular-growing-span,"iid mixture fixed zeta d=1, H=1.0, zeta=0.04",256,0.397087,1,,1.0,,fixed-zeta,0.04,,
triangular-span-growth,"iid mixture span growth d=1, H=1.0, frac=0.25",32,0.337191,1,,1.0,,span-growth,,0.25,
triangular-span-growth,"iid mixture span growth d=1, H=1.0, frac=0.25",64,0.270925,1,,1.0,,span-growth,,0.25,
triangular-span-growth,"iid mixture span growth d=1, H=1.0, frac=0.25",128,0.227028,1,,1.0,,span-growth,,0.25,
triangular-span-growth,"iid mixture span growth d=1, H=1.0, frac=0.25",256,0.154443,1,,1.0,,span-growth,,0.25,
triangular-span-growth,"triangular span growth d=1, H=1.0, frac=0.25",32,0.336765,1,,1.0,,span-growth,,0.25,
triangular-span-growth,"triangular span growth d=1, H=1.0, frac=0.25",64,0.28338,1,,1.0,,span-growth,,0.25,
triangular-span-growth,"triangular span growth d=1, H=1.0, frac=0.25",128,0.185083,1,,1.0,,span-growth,,0.25,
triangular-span-growth,"triangular span growth d=1, H=1.0, frac=0.25",256,0.159432,1,,1.0,,span-growth,,0.25,
triangular-span-growth,"iid mixture span growth d=1, H=1.0, frac=0.50",32,0.41731,1,,1.0,,span-growth,,0.5,
triangular-span-growth,"iid mixture span growth d=1, H=1.0, frac=0.50",64,0.308704,1,,1.0,,span-growth,,0.5,
triangular-span-growth,"iid mixture span growth d=1, H=1.0, frac=0.50",128,0.257768,1,,1.0,,span-growth,,0.5,
triangular-span-growth,"iid mixture span growth d=1, H=1.0, frac=0.50",256,0.188351,1,,1.0,,span-growth,,0.5,
triangular-span-growth,"triangular span growth d=1, H=1.0, frac=0.50",32,0.40295,1,,1.0,,span-growth,,0.5,
triangular-span-growth,"triangular span growth d=1, H=1.0, frac=0.50",64,0.266049,1,,1.0,,span-growth,,0.5,
triangular-span-growth,"triangular span growth d=1, H=1.0, frac=0.50",128,0.228922,1,,1.0,,span-growth,,0.5,
triangular-span-growth,"triangular span growth d=1, H=1.0, frac=0.50",256,0.214052,1,,1.0,,span-growth,,0.5,
triangular-span-growth,"iid mixture span growth d=1, H=1.0, frac=0.75",32,0.54207,1,,1.0,,span-growth,,0.75,
triangular-span-growth,"iid mixture span growth d=1, H=1.0, frac=0.75",64,0.495059,1,,1.0,,span-growth,,0.75,
triangular-span-growth,"iid mixture span growth d=1, H=1.0, frac=0.75",128,0.48364,1,,1.0,,span-growth,,0.75,
triangular-span-growth,"iid mixture span growth d=1, H=1.0, frac=0.75",256,0.550135,1,,1.0,,span-growth,,0.75,
triangular-span-growth,"triangular span growth d=1, H=1.0, frac=0.75",32,0.449375,1,,1.0,,span-growth,,0.75,
triangular-span-growth,"triangular span growth d=1, H=1.0, frac=0.75",64,0.394033,1,,1.0,,span-growth,,0.75,
triangular-span-growth,"triangular span growth d=1, H=1.0, frac=0.75",128,0.389177,1,,1.0,,span-growth,,0.75,
triangular-span-growth,"triangular span growth d=1, H=1.0, frac=0.75",256,0.426865,1,,1.0,,span-growth,,0.75,
triangular-growing-span,"triangular fixed zeta d=1, H=1.0, zeta=0.04",32,0.387944,1,,1.0,,fixed-zeta,0.04,,
triangular-growing-span,"triangular fixed zeta d=1, H=1.0, zeta=0.04",64,0.320161,1,,1.0,,fixed-zeta,0.04,,
triangular-growing-span,"triangular fixed zeta d=1, H=1.0, zeta=0.04",128,0.330225,1,,1.0,,fixed-zeta,0.04,,
triangular-growing-span,"triangular fixed zeta d=1, H=1.0, zeta=0.04",256,0.332804,1,,1.0,,fixed-zeta,0.04,,
triangular-fixed-span,"iid mixture fixed span d=2, H=0.5, span=0.10",32,0.711989,2,,0.5,0.1,fixed-span,,,
triangular-fixed-span,"iid mixture fixed span d=2, H=0.5, span=0.10",64,0.571539,2,,0.5,0.1,fixed-span,,,
triangular-fixed-span,"iid mixture fixed span d=2, H=0.5, span=0.10",128,0.455102,2,,0.5,0.1,fixed-span,,,
triangular-fixed-span,"iid mixture fixed span d=2, H=0.5, span=0.10",256,0.337192,2,,0.5,0.1,fixed-span,,,
triangular-fixed-span,"triangular fixed span d=2, H=0.5, span=0.10",32,0.701522,2,,0.5,0.1,fixed-span,,,
triangular-fixed-span,"triangular fixed span d=2, H=0.5, span=0.10",64,0.556829,2,,0.5,0.1,fixed-span,,,
triangular-fixed-span,"triangular fixed span d=2, H=0.5, span=0.10",128,0.444928,2,,0.5,0.1,fixed-span,,,
triangular-fixed-span,"triangular fixed span d=2, H=0.5, span=0.10",256,0.33672,2,,0.5,0.1,fixed-span,,,
triangular-fixed-span,"iid mixture fixed span d=2, H=0.5, span=0.25",32,0.71189,2,,0.5,0.25,fixed-span,,,
triangular-fixed-span,"iid mixture fixed span d=2, H=0.5, span=0.25",64,0.571221,2,,0.5,0.25,fixed-span,,,
triangular-fixed-span,"iid mixture fixed span d=2, H=0.5, span=0.25",128,0.454765,2,,0.5,0.25,fixed-span,,,
triangular-fixed-span,"iid mixture fixed span d=2, H=0.5, span=0.25",256,0.337529,2,,0.5,0.25,fixed-span,,,
triangular-fixed-span,"triangular fixed span d=2, H=0.5, span=0.25",32,0.703488,2,,0.5,0.25,fixed-span,,,
triangular-fixed-span,"triangular fixed span d=2, H=0.5, span=0.25",64,0.55755,2,,0.5,0.25,fixed-span,,,
triangular-fixed-span,"triangular fixed span d=2, H=0.5, span=0.25",128,0.444573,2,,0.5,0.25,fixed-span,,,
triangular-fixed-span,"triangular fixed span d=2, H=0.5, span=0.25",256,0.336997,2,,0.5,0.25,fixed-span,,,
triangular-fixed-span,"iid mixture fixed span d=2, H=0.5, span=0.50",32,0.713152,2,,0.5,0.5,fixed-span,,,
triangular-fixed-span,"iid mixture fixed span d=2, H=0.5, span=0.50",64,0.572568,2,,0.5,0.5,fixed-span,,,
triangular-fixed-span,"iid mixture fixed span d=2, H=0.5, span=0.50",128,0.454474,2,,0.5,0.5,fixed-span,,,
triangular-fixed-span,"iid mixture fixed span d=2, H=0.5, span=0.50",256,0.338757,2,,0.5,0.5,fixed-span,,,
triangular-fixed-span,"triangular fixed span d=2, H=0.5, span=0.50",32,0.708087,2,,0.5,0.5,fixed-span,,,
triangular-fixed-span,"triangular fixed span d=2, H=0.5, span=0.50",64,0.560629,2,,0.5,0.5,fixed-span,,,
triangular-fixed-span,"triangular fixed span d=2, H=0.5, span=0.50",128,0.444112,2,,0.5,0.5,fixed-span,,,
triangular-fixed-span,"triangular fixed span d=2, H=0.5, span=0.50",256,0.33751,2,,0.5,0.5,fixed-span,,,
triangular-growing-span,"iid mixture fixed zeta d=2, H=0.5, zeta=0.04",32,0.753162,2,,0.5,,fixed-zeta,0.04,,
triangular-growing-span,"iid mixture fixed zeta d=2, H=0.5, zeta=0.04",64,0.566494,2,,0.5,,fixed-zeta,0.04,,
triangular-growing-span,"iid mixture fixed zeta d=2, H=0.5, zeta=0.04",128,0.426555,2,,0.5,,fixed-zeta,0.04,,
triangular-growing-span,"iid mixture fixed zeta d=2, H=0.5, zeta=0.04",256,0.335244,2,,0.5,,fixed-zeta,0.04,,
triangular-span-growth,"iid mixture span growth d=2, H=0.5, frac=0.25",32,0.732007,2,,0.5,,span-growth,,0.25,
triangular-span-growth,"iid mixture span growth d=2, H=0.5, frac=0.25",64,0.560487,2,,0.5,,span-growth,,0.25,
triangular-span-growth,"iid mixture span growth d=2, H=0.5, frac=0.25",128,0.43602,2,,0.5,,span-growth,,0.25,
triangular-span-growth,"iid mixture span growth d=2, H=0.5, frac=0.25",256,0.323998,2,,0.5,,span-growth,,0.25,
triangular-span-growth,"triangular span growth d=2, H=0.5, frac=0.25",32,0.745494,2,,0.5,,span-growth,,0.25,
triangular-span-growth,"triangular span growth d=2, H=0.5, frac=0.25",64,0.584378,2,,0.5,,span-growth,,0.25,
triangular-span-growth,"triangular span growth d=2, H=0.5, frac=0.25",128,0.439905,2,,0.5,,span-growth,,0.25,
triangular-span-growth,"triangular span growth d=2, H=0.5, frac=0.25",256,0.328428,2,,0.5,,span-growth,,0.25,
triangular-span-growth,"iid mixture span growth d=2, H=0.5, frac=0.50",32,0.780085,2,,0.5,,span-growth,,0.5,
triangular-span-growth,"iid mixture span growth d=2, H=0.5, frac=0.50",64,0.563916,2,,0.5,,span-growth,,0.5,
triangular-span-growth,"iid mixture span growth d=2, H=0.5, frac=0.50",128,0.438825,2,,0.5,,span-growth,,0.5,
triangular-span-growth,"iid mixture span growth d=2, H=0.5, frac=0.50",256,0.336193,2,,0.5,,span-growth,,0.5,
triangular-span-growth,"triangular span growth d=2, H=0.5, frac=0.50",32,0.696463,2,,0.5,,span-growth,,0.5,
triangular-span-growth,"triangular span growth d=2, H=0.5, frac=0.50",64,0.574464,2,,0.5,,span-growth,,0.5,
triangular-span-growth,"triangular span growth d=2, H=0.5, frac=0.50",128,0.456469,2,,0.5,,span-growth,,0.5,
triangular-span-growth,"triangular span growth d=2, H=0.5, frac=0.50",256,0.352655,2,,0.5,,span-growth,,0.5,
triangular-span-growth,"iid mixture span growth d=2, H=0.5, frac=0.75",32,0.729339,2,,0.5,,span-growth,,0.75,
triangular-span-growth,"iid mixture span growth d=2, H=0.5, frac=0.75",64,0.586736,2,,0.5,,span-growth,,0.75,
triangular-span-growth,"iid mixture span growth d=2, H=0.5, frac=0.75",128,0.423095,2,,0.5,,span-growth,,0.75,
triangular-span-growth,"iid mixture span growth d=2, H=0.5, frac=0.75",256,0.363635,2,,0.5,,span-growth,,0.75,
triangular-span-growth,"triangular span growth d=2, H=0.5, frac=0.75",32,0.685601,2,,0.5,,span-growth,,0.75,
triangular-span-growth,"triangular span growth d=2, H=0.5, frac=0.75",64,0.600176,2,,0.5,,span-growth,,0.75,
triangular-span-growth,"triangular span growth d=2, H=0.5, frac=0.75",128,0.470292,2,,0.5,,span-growth,,0.75,
triangular-span-growth,"triangular span growth d=2, H=0.5, frac=0.75",256,0.342982,2,,0.5,,span-growth,,0.75,
triangular-growing-span,"triangular fixed zeta d=2, H=0.5, zeta=0.04",32,0.704227,2,,0.5,,fixed-zeta,0.04,,
triangular-growing-span,"triangular fixed zeta d=2, H=0.5, zeta=0.04",64,0.559374,2,,0.5,,fixed-zeta,0.04,,
triangular-growing-span,"triangular fixed zeta d=2, H=0.5, zeta=0.04",128,0.434945,2,,0.5,,fixed-zeta,0.04,,
triangular-growing-span,"triangular fixed zeta d=2, H=0.5, zeta=0.04",256,0.340807,2,,0.5,,fixed-zeta,0.04,,
triangular-fixed-span,"iid mixture fixed span d=2, H=1.0, span=0.10",32,0.732149,2,,1.0,0.1,fixed-span,,,
triangular-fixed-span,"iid mixture fixed span d=2, H=1.0, span=0.10",64,0.553678,2,,1.0,0.1,fixed-span,,,
triangular-fixed-span,"iid mixture fixed span d=2, H=1.0, span=0.10",128,0.452224,2,,1.0,0.1,fixed-span,,,
triangular-fixed-span,"iid mixture fixed span d=2, H=1.0, span=0.10",256,0.331279,2,,1.0,0.1,fixed-span,,,
triangular-fixed-span,"triangular fixed span d=2, H=1.0, span=0.10",32,0.732979,2,,1.0,0.1,fixed-span,,,
triangular-fixed-span,"triangular fixed span d=2, H=1.0, span=0.10",64,0.554275,2,,1.0,0.1,fixed-span,,,
triangular-fixed-span,"triangular fixed span d=2, H=1.0, span=0.10",128,0.433961,2,,1.0,0.1,fixed-span,,,
triangular-fixed-span,"triangular fixed span d=2, H=1.0, span=0.10",256,0.333915,2,,1.0,0.1,fixed-span,,,
triangular-fixed-span,"iid mixture fixed span d=2, H=1.0, span=0.25",32,0.734617,2,,1.0,0.25,fixed-span,,,
triangular-fixed-span,"iid mixture fixed span d=2, H=1.0, span=0.25",64,0.555386,2,,1.0,0.25,fixed-span,,,
triangular-fixed-span,"iid mixture fixed span d=2, H=1.0, span=0.25",128,0.452389,2,,1.0,0.25,fixed-span,,,
triangular-fixed-span,"iid mixture fixed span d=2, H=1.0, span=0.25",256,0.330798,2,,1.0,0.25,fixed-span,,,
triangular-fixed-span,"triangular fixed span d=2, H=1.0, span=0.25",32,0.736395,2,,1.0,0.25,fixed-span,,,
triangular-fixed-span,"triangular fixed span d=2, H=1.0, span=0.25",64,0.553593,2,,1.0,0.25,fixed-span,,,
triangular-fixed-span,"triangular fixed span d=2, H=1.0, span=0.25",128,0.433202,2,,1.0,0.25,fixed-span,,,
triangular-fixed-span,"triangular fixed span d=2, H=1.0, span=0.25",256,0.334156,2,,1.0,0.25,fixed-span,,,
triangular-fixed-span,"iid mixture fixed span d=2, H=1.0, span=0.50",32,0.739071,2,,1.0,0.5,fixed-span,,,
triangular-fixed-span,"iid mixture fixed span d=2, H=1.0, span=0.50",64,0.561462,2,,1.0,0.5,fixed-span,,,
triangular-fixed-span,"iid mixture fixed span d=2, H=1.0, span=0.50",128,0.454258,2,,1.0,0.5,fixed-span,,,
triangular-fixed-span,"iid mixture fixed span d=2, H=1.0, span=0.50",256,0.330398,2,,1.0,0.5,fixed-span,,,
triangular-fixed-span,"triangular fixed span d=2, H=1.0, span=0.50",32,0.741333,2,,1.0,0.5,fixed-span,,,
triangular-fixed-span,"triangular fixed span d=2, H=1.0, span=0.50",64,0.55489,2,,1.0,0.5,fixed-span,,,
triangular-fixed-span,"triangular fixed span d=2, H=1.0, span=0.50",128,0.434311,2,,1.0,0.5,fixed-span,,,
triangular-fixed-span,"triangular fixed span d=2, H=1.0, span=0.50",256,0.336281,2,,1.0,0.5,fixed-span,,,
triangular-growing-span,"iid mixture fixed zeta d=2, H=1.0, zeta=0.04",32,0.72944,2,,1.0,,fixed-zeta,0.04,,
triangular-growing-span,"iid mixture fixed zeta d=2, H=1.0, zeta=0.04",64,0.659246,2,,1.0,,fixed-zeta,0.04,,
triangular-growing-span,"iid mixture fixed zeta d=2, H=1.0, zeta=0.04",128,0.581928,2,,1.0,,fixed-zeta,0.04,,
triangular-growing-span,"iid mixture fixed zeta d=2, H=1.0, zeta=0.04",256,0.563685,2,,1.0,,fixed-zeta,0.04,,
triangular-span-growth,"iid mixture span growth d=2, H=1.0, frac=0.25",32,0.789422,2,,1.0,,span-growth,,0.25,
triangular-span-growth,"iid mixture span growth d=2, H=1.0, frac=0.25",64,0.573604,2,,1.0,,span-growth,,0.25,
triangular-span-growth,"iid mixture span growth d=2, H=1.0, frac=0.25",128,0.454503,2,,1.0,,span-growth,,0.25,
triangular-span-growth,"iid mixture span growth d=2, H=1.0, frac=0.25",256,0.335454,2,,1.0,,span-growth,,0.25,
triangular-span-growth,"triangular span growth d=2, H=1.0, frac=0.25",32,0.766564,2,,1.0,,span-growth,,0.25,
triangular-span-growth,"triangular span growth d=2, H=1.0, frac=0.25",64,0.571146,2,,1.0,,span-growth,,0.25,
triangular-span-growth,"triangular span growth d=2, H=1.0, frac=0.25",128,0.462998,2,,1.0,,span-growth,,0.25,
triangular-span-growth,"triangular span growth d=2, H=1.0, frac=0.25",256,0.340294,2,,1.0,,span-growth,,0.25,
triangular-span-growth,"iid mixture span growth d=2, H=1.0, frac=0.50",32,0.777567,2,,1.0,,span-growth,,0.5,
triangular-span-growth,"iid mixture span growth d=2, H=1.0, frac=0.50",64,0.631683,2,,1.0,,span-growth,,0.5,
triangular-span-growth,"iid mixture span growth d=2, H=1.0, frac=0.50",128,0.489462,2,,1.0,,span-growth,,0.5,
triangular-span-growth,"iid mixture span growth d=2, H=1.0, frac=0.50",256,0.39846,2,,1.0,,span-growth,,0.5,
triangular-span-growth,"triangular span growth d=2, H=1.0, frac=0.50",32,0.749469,2,,1.0,,span-growth,,0.5,
triangular-span-growth,"triangular span growth d=2, H=1.0, frac=0.50",64,0.62216,2,,1.0,,span-growth,,0.5,
triangular-span-growth,"triangular span growth d=2, H=1.0, frac=0.50",128,0.478891,2,,1.0,,span-growth,,0.5,
triangular-span-growth,"triangular span growth d=2, H=1.0, frac=0.50",256,0.40539,2,,1.0,,span-growth,,0.5,
triangular-span-growth,"iid mixture span growth d=2, H=1.0, frac=0.75",32,0.852801,2,,1.0,,span-growth,,0.75,
triangular-span-growth,"iid mixture span growth d=2, H=1.0, frac=0.75",64,0.775414,2,,1.0,,span-growth,,0.75,
triangular-span-growth,"iid mixture span growth d=2, H=1.0, frac=0.75",128,0.733689,2,,1.0,,span-growth,,0.75,
triangular-span-growth,"iid mixture span growth d=2, H=1.0, frac=0.75",256,0.729037,2,,1.0,,span-growth,,0.75,
triangular-span-growth,"triangular span growth d=2, H=1.0, frac=0.75",32,0.828108,2,,1.0,,span-growth,,0.75,
triangular-span-growth,"triangular span growth d=2, H=1.0, frac=0.75",64,0.756802,2,,1.0,,span-growth,,0.75,
triangular-span-growth,"triangular span growth d=2, H=1.0, frac=0.75",128,0.713329,2,,1.0,,span-growth,,0.75,
triangular-span-growth,"triangular span growth d=2, H=1.0, frac=0.75",256,0.672021,2,,1.0,,span-growth,,0.75,
triangular-growing-span,"triangular fixed zeta d=2, H=1.0, zeta=0.04",32,0.745334,2,,1.0,,fixed-zeta,0.04,,
triangular-growing-span,"triangular fixed zeta d=2, H=1.0, zeta=0.04",64,0.635832,2,,1.0,,fixed-zeta,0.04,,
triangular-growing-span,"triangular fixed zeta d=2, H=1.0, zeta=0.04",128,0.55819,2,,1.0,,fixed-zeta,0.04,,
triangular-growing-span,"triangular fixed zeta d=2, H=1.0, zeta=0.04",256,0.5595,2,,1.0,,fixed-zeta,0.04,,
sinkhorn-fixed-span,Sinkhorn iid mixture eps=0.50,24,0.410631,,,,,fixed-span,,,0.5
sinkhorn-fixed-span,Sinkhorn iid mixture eps=0.50,48,0.315844,,,,,fixed-span,,,0.5
sinkhorn-fixed-span,Sinkhorn iid mixture eps=0.50,96,0.215872,,,,,fixed-span,,,0.5
sinkhorn-fixed-span,Sinkhorn iid mixture eps=0.50,160,0.152002,,,,,fixed-span,,,0.5
sinkhorn-fixed-span,Sinkhorn triangular eps=0.50,24,0.45781,,,,,fixed-span,,,0.5
sinkhorn-fixed-span,Sinkhorn triangular eps=0.50,48,0.270959,,,,,fixed-span,,,0.5
sinkhorn-fixed-span,Sinkhorn triangular eps=0.50,96,0.219739,,,,,fixed-span,,,0.5
sinkhorn-fixed-span,Sinkhorn triangular eps=0.50,160,0.160025,,,,,fixed-span,,,0.5
sinkhorn-fixed-span,Sinkhorn iid mixture eps=0.20,24,0.373774,,,,,fixed-span,,,0.2
sinkhorn-fixed-span,Sinkhorn iid mixture eps=0.20,48,0.248145,,,,,fixed-span,,,0.2
sinkhorn-fixed-span,Sinkhorn iid mixture eps=0.20,96,0.187966,,,,,fixed-span,,,0.2
sinkhorn-fixed-span,Sinkhorn iid mixture eps=0.20,160,0.18106,,,,,fixed-span,,,0.2
sinkhorn-fixed-span,Sinkhorn triangular eps=0.20,24,0.452673,,,,,fixed-span,,,0.2
sinkhorn-fixed-span,Sinkhorn triangular eps=0.20,48,0.280213,,,,,fixed-span,,,0.2
sinkhorn-fixed-span,Sinkhorn triangular eps=0.20,96,0.184486,,,,,fixed-span,,,0.2
sinkhorn-fixed-span,Sinkhorn triangular eps=0.20,160,0.184053,,,,,fixed-span,,,0.2
sinkhorn-fixed-span,Sinkhorn iid mixture eps=0.10,24,0.37707,,,,,fixed-span,,,0.1
sinkhorn-fixed-span,Sinkhorn iid mixture eps=0.10,48,0.344118,,,,,fixed-span,,,0.1
sinkhorn-fixed-span,Sinkhorn iid mixture eps=0.10,96,0.231206,,,,,fixed-span,,,0.1
sinkhorn-fixed-span,Sinkhorn iid mixture eps=0.10,160,0.179641,,,,,fixed-span,,,0.1
sinkhorn-fixed-span,Sinkhorn triangular eps=0.10,24,0.365478,,,,,fixed-span,,,0.1
sinkhorn-fixed-span,Sinkhorn triangular eps=0.10,48,0.307684,,,,,fixed-span,,,0.1
sinkhorn-fixed-span,Sinkhorn triangular eps=0.10,96,0.233606,,,,,fixed-span,,,0.1
sinkhorn-fixed-span,Sinkhorn triangular eps=0.10,160,0.168234,,,,,fixed-span,,,0.1
sinkhorn-fixed-span,Sinkhorn iid mixture eps=0.05,24,0.428687,,,,,fixed-span,,,0.05
sinkhorn-fixed-span,Sinkhorn iid mixture eps=0.05,48,0.347277,,,,,fixed-span,,,0.05
sinkhorn-fixed-span,Sinkhorn iid mixture eps=0.05,96,0.23304,,,,,fixed-span,,,0.05
sinkhorn-fixed-span,Sinkhorn iid mixture eps=0.05,160,0.169748,,,,,fixed-span,,,0.05
sinkhorn-fixed-span,Sinkhorn triangular eps=0.05,24,0.358756,,,,,fixed-span,,,0.05
sinkhorn-fixed-span,Sinkhorn triangular eps=0.05,48,0.308304,,,,,fixed-span,,,0.05
sinkhorn-fixed-span,Sinkhorn triangular eps=0.05,96,0.222358,,,,,fixed-span,,,0.05
sinkhorn-fixed-span,Sinkhorn triangular eps=0.05,160,0.166609,,,,,fixed-span,,,0.05
